,Player,Year,Club,POS,GP,GS,MINS,SHTS,SV,GA,GAA,PKG/A,W,L,T,ShO,W%,Sv%
0,Mark Dodd,1996,DAL,GK,31,31,2776,235,160,45,1.46,5/5,17,14,0,6,55,68
1,Tony Meola,1996,MET,GK,29,29,2610,188,142,38,1.31,3/4,14,15,0,9,48,76
2,Mark Dougherty,1996,TB,GK,28,28,2520,186,123,47,1.68,9/10,17,11,0,3,61,66
3,Jorge Campos,1996,LA,GK,24,24,2025,133,100,27,1.2,0/1,13,8,0,4,54,75
4,Chris Woods,1996,COL,GK,23,23,2070,149,96,43,1.87,2/2,8,15,0,2,35,64
5,Garth Lagerwey,1996,KC,GK,23,22,1959,133,83,38,1.75,2/2,12,10,0,3,52,62
6,Tom Liner,1996,SJ,GK,20,20,1712,118,75,33,1.73,1/2,7,12,0,4,35,64
7,Aidan Heaney,1996,NE,GK,19,18,1534,130,93,29,1.7,2/2,8,9,0,4,42,72
8,Jeff Causey,1996,DC,GK,19,18,1620,115,70,35,1.94,7/8,9,10,0,0,47,61
9,Jim St. Andre,1996,NE,GK,15,14,1346,91,57,27,1.81,0/0,7,8,0,2,47,63
10,Mark Simpson,1996,DC,GK,15,14,1260,69,46,21,1.5,0/0,7,6,0,3,47,67
11,Bo Oshoniyi,1996,CLB,GK,13,13,1170,101,64,33,2.54,2/3,3,10,0,2,23,63
12,Dave Salzwedel,1996,SJ,GK,14,12,1168,80,53,17,1.31,2/2,8,5,0,4,57,66
13,Pat Harrington,1996,CLB,GK,12,11,924,57,23,21,2.05,0/0,5,5,0,1,42,40
14,Brad Friedel,1996,CLB,GK,9,9,810,60,46,7,0.78,0/0,8,1,0,4,89,77
15,Dusty Hudock,1996,COL,GK,9,9,810,55,34,16,1.78,2/2,3,6,0,2,33,62
16,David Kramer,1996,LA,GK,15,8,855,83,52,22,2.32,4/4,6,5,0,1,40,63
17,David Winner,1996,CLB,GK,7,6,606,39,22,16,2.38,2/2,3,4,0,0,43,56
18,Scott Budnick,1996,TB,GK,4,4,360,23,18,4,1.0,0/0,3,1,0,1,75,78
19,Mike Ammann,1996,KC,GK,4,3,291,21,12,8,2.47,0/1,1,2,0,0,25,57
20,Zach Thornton,1996,MET,GK,3,3,270,17,8,9,3.0,1/1,1,2,0,0,33,47
21,Jeff Cassar,1996,DAL,GK,2,1,104,9,6,3,2.6,0/0,0,1,0,0,0,67
22,Mile Miovac,1996,DC,GK,0,0,0,0,0,0,0.0,0/0,0,0,0,0,0,0
23,Mark Dodd,1997,DAL,GK,30,30,2700,249,183,48,1.6,6/9,14,16,0,3,47,73
24,Tony Meola,1997,MET,GK,30,30,2683,204,149,48,1.61,4/6,12,18,0,5,40,73
25,Brad Friedel,1997,CLB,GK,29,29,2609,174,131,35,1.21,4/5,14,15,0,7,48,75
26,Mike Ammann,1997,KC,GK,29,29,2597,160,109,45,1.56,3/4,21,8,0,5,72,68
27,Marcus Hahnemann,1997,COL,GK,25,24,2157,154,111,37,1.54,4/5,13,10,0,5,52,72
28,Mark Dougherty,1997,TB,GK,25,24,2143,165,111,45,1.89,1/4,15,9,0,3,60,67
29,Walter Zenga,1997,NE,GK,22,22,1980,113,81,28,1.27,1/1,15,7,0,6,68,72
30,David Kramer,1997,SJ,GK,21,21,1831,123,84,33,1.62,3/4,7,14,0,3,33,68
31,Jorge Campos,1997,LA,GK,19,19,1587,88,62,23,1.3,2/2,12,5,0,4,63,70
32,Dave Salzwedel,1997,SJ,GK,20,18,1679,118,72,35,1.88,1/3,7,11,0,2,35,61
33,Scott Garlick,1997,DC,GK,14,13,1171,82,57,22,1.69,0/0,9,5,0,2,64,70
34,Jeff Causey,1997,NE,GK,12,11,991,86,56,27,2.45,0/1,4,8,0,1,33,65
35,Paul Grafer,1997,COL,GK,9,8,723,63,40,22,2.74,1/1,1,8,0,1,11,63
36,Scott Budnick,1997,TB,GK,9,8,737,52,35,15,1.83,0/0,2,6,0,1,22,67
37,Mark Simpson,1997,DC,GK,7,7,629,35,27,7,1.0,3/3,4,2,0,3,57,77
38,Tom Presthus,1997,DC,GK,7,7,629,49,31,13,1.86,0/1,4,2,0,0,57,63
39,Kevin Hartman,1997,LA,GK,8,4,483,21,12,8,1.49,1/2,2,4,0,3,25,57
40,Scott Coufal,1997,NE,GK,4,4,360,29,17,9,2.25,0/0,0,4,0,1,0,59
41,Chris Snitko,1997,KC,GK,5,3,282,20,11,6,1.91,0/0,0,3,0,0,0,55
42,David Winner,1997,CLB,GK,4,3,271,19,11,6,1.99,0/0,1,2,0,0,25,58
43,Garth Lagerwey,1997,DAL,GK,2,2,180,14,13,1,0.5,0/0,2,0,0,1,100,93
44,Tom Liner,1997,SJ,GK,2,2,180,19,14,4,2.0,1/1,0,2,0,0,0,74
45,Zach Thornton,1997,MET,GK,3,2,197,18,12,5,2.28,2/2,1,1,0,0,33,67
46,Aidan Heaney,1997,CLB,GK,0,0,0,0,0,0,0.0,0/0,0,0,0,0,0,0
47,Jeff Cassar,1997,DAL,GK,0,0,0,0,0,0,0.0,0/0,0,0,0,0,0,0
48,Tony Meola,1997,MET,GK,30,30,2683,204,149,48,1.61,4/6,12,18,0,5,40,73
49,Brad Friedel,1997,CLB,GK,29,29,2609,174,131,35,1.21,4/5,14,15,0,7,48,75
50,Mike Ammann,1997,KC,GK,29,29,2597,160,109,45,1.56,3/4,21,8,0,5,72,68
51,Marcus Hahnemann,1997,COL,GK,25,24,2157,154,111,37,1.54,4/5,13,10,0,5,52,72
52,Mark Dougherty,1997,TB,GK,25,24,2143,165,111,45,1.89,1/4,15,9,0,3,60,67
53,Walter Zenga,1997,NE,GK,22,22,1980,113,81,28,1.27,1/1,15,7,0,6,68,72
54,David Kramer,1997,SJ,GK,21,21,1831,123,84,33,1.62,3/4,7,14,0,3,33,68
55,Jorge Campos,1997,LA,GK,19,19,1587,88,62,23,1.3,2/2,12,5,0,4,63,70
56,Dave Salzwedel,1997,SJ,GK,20,18,1679,118,72,35,1.88,1/3,7,11,0,2,35,61
57,Scott Garlick,1997,DC,GK,14,13,1171,82,57,22,1.69,0/0,9,5,0,2,64,70
58,Jeff Causey,1997,NE,GK,12,11,991,86,56,27,2.45,0/1,4,8,0,1,33,65
59,Paul Grafer,1997,COL,GK,9,8,723,63,40,22,2.74,1/1,1,8,0,1,11,63
60,Scott Budnick,1997,TB,GK,9,8,737,52,35,15,1.83,0/0,2,6,0,1,22,67
61,Mark Simpson,1997,DC,GK,7,7,629,35,27,7,1.0,3/3,4,2,0,3,57,77
62,Tom Presthus,1997,DC,GK,7,7,629,49,31,13,1.86,0/1,4,2,0,0,57,63
63,Kevin Hartman,1997,LA,GK,8,4,483,21,12,8,1.49,1/2,2,4,0,3,25,57
64,Scott Coufal,1997,NE,GK,4,4,360,29,17,9,2.25,0/0,0,4,0,1,0,59
65,Chris Snitko,1997,KC,GK,5,3,282,20,11,6,1.91,0/0,0,3,0,0,0,55
66,David Winner,1997,CLB,GK,4,3,271,19,11,6,1.99,0/0,1,2,0,0,25,58
67,Garth Lagerwey,1997,DAL,GK,2,2,180,14,13,1,0.5,0/0,2,0,0,1,100,93
68,Tom Liner,1997,SJ,GK,2,2,180,19,14,4,2.0,1/1,0,2,0,0,0,74
69,Zach Thornton,1997,MET,GK,3,2,197,18,12,5,2.28,2/2,1,1,0,0,33,67
70,Aidan Heaney,1997,CLB,GK,0,0,0,0,0,0,0.0,0/0,0,0,0,0,0,0
71,Jeff Cassar,1997,DAL,GK,0,0,0,0,0,0,0.0,0/0,0,0,0,0,0,0
72,Marcus Roy,1997,DAL,GK,0,0,0,0,0,0,0.0,0/0,0,0,0,0,0,0
73,Tony Meola,1998,MET,GK,31,31,2790,234,164,62,2.0,5/5,14,17,0,4,45,70
74,Kevin Hartman,1998,LA,GK,29,28,2544,143,103,39,1.38,0/1,22,7,0,7,76,72
75,Marcus Hahnemann,1998,COL,GK,28,28,2520,200,138,52,1.86,4/5,16,12,0,4,57,69
76,Mike Ammann,1998,KC,GK,27,27,2430,132,85,42,1.56,4/7,11,16,0,5,41,64
77,Ian Feuer,1998,NE,GK,26,26,2336,179,112,55,2.12,1/5,8,15,0,5,31,63
78,Scott Garlick,1998,DC,GK,25,25,2205,129,88,35,1.43,3/3,19,5,0,7,76,68
79,David Kramer,1998,SJ,GK,24,24,2125,132,82,39,1.65,2/3,10,14,0,5,42,62
80,Mark Dodd,1998,DAL,GK,25,24,2205,179,134,42,1.71,3/4,11,13,0,6,44,75
81,Thomas Ravelli,1998,TB,GK,23,23,2053,179,131,38,1.67,3/5,7,13,0,2,30,73
82,Zach Thornton,1998,CHI,GK,25,23,2076,118,85,27,1.17,1/2,16,8,0,8,64,72
83,Jeff Cassar,1998,MIA,GK,21,21,1890,151,107,41,1.95,2/4,12,9,0,2,57,71
84,Juergen Sommer,1998,CLB,GK,21,21,1890,143,106,35,1.67,1/2,11,10,0,4,52,74
85,Mark Dougherty,1998,CLB,GK,11,11,989,77,49,21,1.91,2/4,4,6,0,1,36,64
86,Doug Petras,1998,TB,GK,12,9,827,70,49,19,2.07,1/1,5,7,0,1,42,70
87,Andy Kirk,1998,SJ,GK,9,8,755,56,34,21,2.5,1/1,3,5,0,2,33,61
88,Jorge Campos,1998,CHI,GK,8,8,714,48,33,15,1.89,1/1,4,3,0,0,50,69
89,Garth Lagerwey,1998,DAL,GK,8,7,630,44,28,14,2.0,1/1,4,3,0,0,50,64
90,Jeff Causey,1998,NE,GK,9,6,544,35,24,11,1.82,0/0,3,6,0,0,33,69
91,Chris Snitko,1998,KC,GK,5,5,450,27,18,8,1.6,0/0,1,4,0,1,20,67
92,Tom Presthus,1998,DC,GK,6,5,495,28,19,8,1.45,1/1,5,1,0,0,83,68
93,Matt Napoleon,1998,MIA,GK,4,4,360,45,32,12,3.0,0/1,1,3,0,0,25,71
94,Matt Reis,1998,LA,GK,5,4,336,24,18,5,1.34,0/0,2,1,0,0,40,75
95,Paul Grafer,1998,COL,GK,4,4,360,39,20,17,4.25,0/0,0,4,0,0,0,51
96,David Winner,1998,CLB,GK,4,3,271,23,16,6,1.99,0/0,2,2,0,0,50,70
97,Scott Budnick,1998,MIA,GK,3,3,270,24,16,8,2.67,0/0,0,3,0,0,0,67
98,Chris Snitko,1998,KC,GK,5,5,450,27,18,8,1.6,0/0,1,4,0,1,20,67
99,Tom Presthus,1998,DC,GK,6,5,495,28,19,8,1.45,1/1,5,1,0,0,83,68
100,Matt Napoleon,1998,MIA,GK,4,4,360,45,32,12,3.0,0/1,1,3,0,0,25,71
101,Matt Reis,1998,LA,GK,5,4,336,24,18,5,1.34,0/0,2,1,0,0,40,75
102,Paul Grafer,1998,COL,GK,4,4,360,39,20,17,4.25,0/0,0,4,0,0,0,51
103,David Winner,1998,CLB,GK,4,3,271,23,16,6,1.99,0/0,2,2,0,0,50,70
104,Scott Budnick,1998,MIA,GK,3,3,270,24,16,8,2.67,0/0,0,3,0,0,0,67
105,Mark Simpson,1998,DC,GK,2,2,180,8,3,5,2.5,0/0,0,2,0,0,0,38
106,Bill Andracki,1998,MIA,GK,1,1,90,6,5,1,1.0,0/0,0,1,0,0,0,83
107,Matt Jordan,1998,DAL,GK,1,1,45,4,1,3,6.0,0/0,0,1,0,0,0,25
108,Scott Coufal,1998,CHI,GK,1,1,90,5,2,3,3.0,0/0,0,1,0,0,0,40
109,Tim Howard,1998,MET,GK,1,1,90,8,5,1,1.0,0/0,1,0,0,0,100,63
110,David Allred,1998,TB,GK,0,0,0,0,0,0,0.0,0/0,0,0,0,0,0,0
111,Dusty Hudock,1998,CHI,GK,0,0,0,0,0,0,0.0,0/0,0,0,0,0,0,0
112,Emmett Idzahl,1998,MET,GK,0,0,0,0,0,0,0.0,0/0,0,0,0,0,0,0
113,Jeremy Oetman,1998,SJ,GK,0,0,0,0,0,0,0.0,0/0,0,0,0,0,0,0
114,Joe Cannon,1998,SJ,GK,0,0,0,0,0,0,0.0,0/0,0,0,0,0,0,0
115,Kevin East,1998,MET,GK,0,0,0,0,0,0,0.0,0/0,0,0,0,0,0,0
116,Kevin Rueda,1998,SJ,GK,0,0,0,0,0,0,0.0,0/0,0,0,0,0,0,0
117,Manuel Carou,1998,MET,GK,0,0,0,0,0,0,0.0,0/0,0,0,0,0,0,0
118,Marco Ferruzzi,1998,LA,M,0,0,0,0,0,0,0.0,0/0,0,0,0,0,0,0
119,Mike Littman,1998,LA,GK,0,0,0,0,0,0,0.0,0/0,0,0,0,0,0,0
120,Mike McGinty,1998,CLB,GK,0,0,0,0,0,0,0.0,0/0,0,0,0,0,0,0
121,Randy Dedini,1998,COL,GK,0,0,0,0,0,0,0.0,0/0,0,0,0,0,0,0
122,Reginald Pierre-Jerome,1998,MIA,GK,0,0,0,0,0,0,0.0,0/0,0,0,0,0,0,0
123,Kevin Hartman,1999,LA,GK,32,32,2870,150,118,29,0.91,3/4,20,12,0,11,63,79
124,Mark Dougherty,1999,CLB,GK,31,31,2745,152,106,35,1.15,4/4,18,12,0,6,58,70
125,Zach Thornton,1999,CHI,GK,30,30,2633,137,99,32,1.09,2/3,17,12,0,7,57,72
126,Matt Jordan,1999,DAL,GK,29,29,2584,172,133,31,1.08,0/2,17,11,0,11,59,77
127,Scott Garlick,1999,TB,GK,28,28,2471,193,152,36,1.31,1/3,14,13,0,5,50,79
128,Tom Presthus,1999,DC,GK,26,26,2227,129,88,34,1.37,0/1,17,8,0,3,65,68
129,Walter Zenga,1999,NE,GK,25,25,2125,140,87,45,1.91,1/2,5,13,0,2,20,62
130,Joe Cannon,1999,SJ,GK,24,24,2160,131,96,32,1.33,2/6,14,10,0,4,58,73
131,Mike Ammann,1999,MET,GK,24,24,2138,155,91,51,2.15,2/2,6,18,0,2,25,59
132,Ian Feuer,1999,COL,GK,19,19,1696,99,70,23,1.22,2/2,10,9,0,8,53,71
133,Chris Snitko,1999,KC,GK,16,15,1395,95,66,26,1.68,1/1,4,10,0,2,25,69
134,Jeff Cassar,1999,MIA,GK,15,15,1304,83,45,25,1.73,2/3,5,10,0,3,33,54
135,Garth Lagerwey,1999,MIA,GK,16,14,1306,107,77,27,1.86,0/0,7,7,0,3,44,72
136,Marcus Hahnemann,1999,COL,GK,13,13,1170,85,68,14,1.08,0/1,10,3,0,4,77,80
137,Tony Meola,1999,KC,GK,9,9,765,48,36,10,1.18,0/0,1,8,0,3,11,75
138,David Kramer,1999,SJ,GK,8,8,720,55,35,17,2.13,1/1,5,3,0,0,63,64
139,Tim Howard,1999,MET,GK,9,8,742,55,37,13,1.58,0/0,1,7,0,0,11,67
140,David Winner,1999,LA,GK,8,7,631,42,27,13,1.85,1/3,3,5,0,0,38,64
141,Jeff Causey,1999,NE,GK,16,7,755,49,32,8,0.95,0/0,7,7,0,1,44,65
142,Mark Simpson,1999,DC,GK,9,6,653,48,37,9,1.24,1/1,6,1,0,1,67,77
143,Andy Kirk,1999,TB,GK,6,4,409,32,18,14,3.08,1/1,0,5,0,0,0,56
144,Dusty Hudock,1999,MIA,GK,3,3,270,19,12,7,2.33,0/0,1,2,0,0,33,63
145,Mark Dodd,1999,DAL,GK,6,3,296,23,18,4,1.22,0/0,2,2,0,1,33,78
146,Greg Sutton,1999,CHI,GK,3,2,247,19,14,4,1.46,0/0,1,2,0,0,33,74
147,Cesar Delgado,1999,KC,GK,1,1,90,8,4,4,4.0,0/0,0,1,0,0,0,50
148,Matt Napoleon,1999,CLB,GK,2,1,135,9,5,4,2.67,0/0,1,1,0,0,50,56
149,Anthony Latronica,1999,NE,GK,0,0,0,0,0,0,0.0,0/0,0,0,0,0,0,0
150,Bill Andracki,1999,MET,GK,0,0,0,0,0,0,0.0,0/0,0,0,0,0,0,0
151,Bill May,1999,LA,GK,0,0,0,0,0,0,0.0,0/0,0,0,0,0,0,0
152,David Allred,1999,TB,GK,0,0,0,0,0,0,0.0,0/0,0,0,0,0,0,0
153,J.J. Wozniak,1999,SJ,GK,0,0,0,0,0,0,0.0,0/0,0,0,0,0,0,0
154,Jason Kreis,1999,DAL,M,0,0,0,0,0,0,0.0,0/0,0,0,0,0,0,0
155,Jim Welch,1999,LA,GK,0,0,0,0,0,0,0.0,0/0,0,0,0,0,0,0
156,Joe-Max Moore,1999,NE,F,0,0,0,0,0,0,0.0,0/0,0,0,0,0,0,0
157,Johnny Morton,1999,COL,GK,0,0,0,0,0,0,0.0,0/0,0,0,0,0,0,0
158,Jon Busch,1999,DC,GK,0,0,0,0,0,0,0.0,0/0,0,0,0,0,0,0
159,Juergen Sommer,1999,CLB,GK,0,0,0,0,0,0,0.0,0/0,0,0,0,0,0,0
160,Kevin East,1999,MET,GK,0,0,0,0,0,0,0.0,0/0,0,0,0,0,0,0
161,Kori Hunter,1999,MET,GK,0,0,0,0,0,0,0.0,0/0,0,0,0,0,0,0
162,Kurt Kelley,1999,MET,GK,0,0,0,0,0,0,0.0,0/0,0,0,0,0,0,0
163,Matt Nyman,1999,TB,GK,0,0,0,0,0,0,0.0,0/0,0,0,0,0,0,0
164,Matt Reis,1999,LA,GK,1,0,10,1,1,0,0.0,0/0,0,0,0,0,0,100
165,Miguel Pineda,1999,DAL,GK,0,0,0,0,0,0,0.0,0/0,0,0,0,0,0,0
166,Mike Littman,1999,LA,GK,0,0,0,0,0,0,0.0,0/0,0,0,0,0,0,0
167,Mike McGinty,1999,CHI,GK,0,0,0,0,0,0,0.0,0/0,0,0,0,0,0,0
168,Preki,1999,KC,M,0,0,0,0,0,0,0.0,0/0,0,0,0,0,0,0
169,Randy Dedini,1999,COL,GK,0,0,0,0,0,0,0.0,0/0,0,0,0,0,0,0
170,Russell Payne,1999,COL,GK,1,0,14,2,0,2,12.86,1/1,0,0,0,0,0,0
171,Scott Vallow,1999,DAL,GK,0,0,0,0,0,0,0.0,0/0,0,0,0,0,0,0
172,Steve McAnulty,1999,MET,GK,0,0,0,0,0,0,0.0,0/0,0,0,0,0,0,0
173,Matt Napoleon,1999,CLB,GK,2,1,135,9,5,4,2.67,0/0,1,1,0,0,50,56
174,Anthony Latronica,1999,NE,GK,0,0,0,0,0,0,0.0,0/0,0,0,0,0,0,0
175,Bill Andracki,1999,MET,GK,0,0,0,0,0,0,0.0,0/0,0,0,0,0,0,0
176,Bill May,1999,LA,GK,0,0,0,0,0,0,0.0,0/0,0,0,0,0,0,0
177,David Allred,1999,TB,GK,0,0,0,0,0,0,0.0,0/0,0,0,0,0,0,0
178,J.J. Wozniak,1999,SJ,GK,0,0,0,0,0,0,0.0,0/0,0,0,0,0,0,0
179,Jason Kreis,1999,DAL,M,0,0,0,0,0,0,0.0,0/0,0,0,0,0,0,0
180,Jim Welch,1999,LA,GK,0,0,0,0,0,0,0.0,0/0,0,0,0,0,0,0
181,Joe-Max Moore,1999,NE,F,0,0,0,0,0,0,0.0,0/0,0,0,0,0,0,0
182,Johnny Morton,1999,COL,GK,0,0,0,0,0,0,0.0,0/0,0,0,0,0,0,0
183,Jon Busch,1999,DC,GK,0,0,0,0,0,0,0.0,0/0,0,0,0,0,0,0
184,Juergen Sommer,1999,CLB,GK,0,0,0,0,0,0,0.0,0/0,0,0,0,0,0,0
185,Kevin East,1999,MET,GK,0,0,0,0,0,0,0.0,0/0,0,0,0,0,0,0
186,Kori Hunter,1999,MET,GK,0,0,0,0,0,0,0.0,0/0,0,0,0,0,0,0
187,Kurt Kelley,1999,MET,GK,0,0,0,0,0,0,0.0,0/0,0,0,0,0,0,0
188,Matt Nyman,1999,TB,GK,0,0,0,0,0,0,0.0,0/0,0,0,0,0,0,0
189,Matt Reis,1999,LA,GK,1,0,10,1,1,0,0.0,0/0,0,0,0,0,0,100
190,Miguel Pineda,1999,DAL,GK,0,0,0,0,0,0,0.0,0/0,0,0,0,0,0,0
191,Mike Littman,1999,LA,GK,0,0,0,0,0,0,0.0,0/0,0,0,0,0,0,0
192,Mike McGinty,1999,CHI,GK,0,0,0,0,0,0,0.0,0/0,0,0,0,0,0,0
193,Preki,1999,KC,M,0,0,0,0,0,0,0.0,0/0,0,0,0,0,0,0
194,Randy Dedini,1999,COL,GK,0,0,0,0,0,0,0.0,0/0,0,0,0,0,0,0
195,Russell Payne,1999,COL,GK,1,0,14,2,0,2,12.86,1/1,0,0,0,0,0,0
196,Scott Vallow,1999,DAL,GK,0,0,0,0,0,0,0.0,0/0,0,0,0,0,0,0
197,Steve McAnulty,1999,MET,GK,0,0,0,0,0,0,0.0,0/0,0,0,0,0,0,0
198,Scott Garlick,2000,TB,GK,32,32,2934,247,184,50,1.53,2/2,16,12,4,6,50,74
199,Matt Jordan,2000,DAL,GK,31,31,2830,188,124,53,1.69,4/5,13,14,4,7,42,66
200,Tony Meola,2000,KC,GK,31,31,2826,162,129,29,0.92,3/6,15,7,9,16,48,80
201,Joe Cannon,2000,SJ,GK,26,26,2420,181,137,40,1.49,3/3,6,13,7,7,23,76
202,Kevin Hartman,2000,LA,GK,26,26,2422,126,91,27,1.0,2/4,12,7,7,7,46,72
203,Mark Dougherty,2000,CLB,GK,25,25,2269,170,111,46,1.82,6/6,10,12,3,3,40,65
204,Zach Thornton,2000,CHI,GK,25,25,2319,127,91,33,1.28,3/3,15,4,6,5,60,72
205,Mike Ammann,2000,MET,GK,22,22,1960,162,108,35,1.61,5/7,11,9,1,2,50,67
206,Nick Rimando,2000,MIA,GK,22,22,2002,150,102,41,1.84,3/5,10,11,1,2,45,68
207,Jeff Causey,2000,NE,GK,22,21,1975,110,67,34,1.55,1/5,8,8,5,3,36,61
208,Tom Presthus,2000,DC,GK,20,20,1741,127,78,42,2.17,3/3,4,13,2,2,20,61
209,David Kramer,2000,COL,GK,20,19,1804,125,79,33,1.65,1/1,9,8,3,4,45,63
210,Adin Brown,2000,COL,GK,13,13,1146,102,72,26,2.04,2/3,4,7,1,2,31,71
211,Mark Simpson,2000,DC,GK,13,12,1177,59,38,21,1.61,3/3,4,5,4,1,31,64
212,Juergen Sommer,2000,NE,GK,11,11,977,62,40,15,1.38,1/1,5,5,1,2,45,65
213,Jeff Cassar,2000,MIA,GK,9,9,773,41,28,10,1.16,0/1,2,2,4,2,22,68
214,Tim Howard,2000,MET,GK,9,8,794,63,40,14,1.59,1/1,5,2,2,4,56,63
215,Matt Napoleon,2000,CLB,GK,8,7,671,38,26,12,1.61,0/1,1,4,2,1,13,68
216,Jon Conway,2000,SJ,GK,6,6,550,43,31,10,1.64,1/1,1,4,1,2,17,72
217,Matt Reis,2000,LA,GK,6,6,559,31,21,10,1.61,1/2,2,3,1,1,33,68
218,Chris Snitko,2000,CHI,GK,5,5,450,31,20,10,2.0,0/0,2,3,0,1,40,65
219,Greg Sutton,2000,CHI,GK,2,2,180,21,12,8,4.0,0/0,0,2,0,0,0,57
220,Paul Grafer,2000,MET,GK,2,2,180,17,12,5,2.5,1/1,1,1,0,0,50,71
221,Bo Oshoniyi,2000,KC,GK,1,1,90,3,2,0,0.0,0/0,1,0,0,1,100,67
222,Garth Lagerwey,2000,MIA,GK,2,1,167,17,11,5,2.69,1/1,0,2,0,0,0,65
223,Jon Conway,2000,SJ,GK,6,6,550,43,31,10,1.64,1/1,1,4,1,2,17,72
224,Matt Reis,2000,LA,GK,6,6,559,31,21,10,1.61,1/2,2,3,1,1,33,68
225,Chris Snitko,2000,CHI,GK,5,5,450,31,20,10,2.0,0/0,2,3,0,1,40,65
226,Greg Sutton,2000,CHI,GK,2,2,180,21,12,8,4.0,0/0,0,2,0,0,0,57
227,Paul Grafer,2000,MET,GK,2,2,180,17,12,5,2.5,1/1,1,1,0,0,50,71
228,Bo Oshoniyi,2000,KC,GK,1,1,90,3,2,0,0.0,0/0,1,0,0,1,100,67
229,Garth Lagerwey,2000,MIA,GK,2,1,167,17,11,5,2.69,1/1,0,2,0,0,0,65
230,Johann Noetzel,2000,DAL,GK,1,1,90,8,7,1,1.0,0/0,1,0,0,0,100,88
231,Andy Kirk,2000,TB,GK,0,0,0,0,0,0,0.0,0/0,0,0,0,0,0,0
232,Anthony Latronica,2000,MET,GK,0,0,0,0,0,0,0.0,0/0,0,0,0,0,0,0
233,Chuck Browder,2000,CLB,GK,0,0,0,0,0,0,0.0,0/0,0,0,0,0,0,0
234,David Winner,2000,NE,GK,0,0,0,0,0,0,0.0,0/0,0,0,0,0,0,0
235,Greg Connel,2000,CLB,GK,0,0,0,0,0,0,0.0,0/0,0,0,0,0,0,0
236,Matt Nelson,2000,CLB,GK,0,0,0,0,0,0,0.0,0/0,0,0,0,0,0,0
237,Matt Nyman,2000,TB,GK,0,0,0,0,0,0,0.0,0/0,0,0,0,0,0,0
238,Paul Marcoullier,2000,DC,GK,1,0,2,0,0,0,0.0,0/0,0,0,0,0,0,0
239,Peter Van Deven,2000,LA,GK,0,0,0,0,0,0,0.0,0/0,0,0,0,0,0,0
240,Preston Burpo,2000,COL,GK,0,0,0,0,0,0,0.0,0/0,0,0,0,0,0,0
241,Randy Dedini,2000,COL,GK,0,0,0,0,0,0,0.0,0/0,0,0,0,0,0,0
242,Rich Cullen,2000,COL,GK,0,0,0,0,0,0,0.0,0/0,0,0,0,0,0,0
243,Russell Payne,2000,MET,GK,1,0,8,5,1,2,22.5,1/1,0,0,0,0,0,20
244,Scott Budnick,2000,NE,GK,0,0,0,0,0,0,0.0,0/0,0,0,0,0,0,0
245,Scott Vallow,2000,CHI,GK,0,0,0,0,0,0,0.0,0/0,0,0,0,0,0,0
246,Steve Armas,2000,CLB,M,0,0,0,0,0,0,0.0,0/0,0,0,0,0,0,0
247,Tom Tate,2000,TB,GK,0,0,0,0,0,0,0.0,0/0,0,0,0,0,0,0
248,Jon Conway,2000,SJ,GK,6,6,550,43,31,10,1.64,1/1,1,4,1,2,17,72
249,Matt Reis,2000,LA,GK,6,6,559,31,21,10,1.61,1/2,2,3,1,1,33,68
250,Chris Snitko,2000,CHI,GK,5,5,450,31,20,10,2.0,0/0,2,3,0,1,40,65
251,Greg Sutton,2000,CHI,GK,2,2,180,21,12,8,4.0,0/0,0,2,0,0,0,57
252,Paul Grafer,2000,MET,GK,2,2,180,17,12,5,2.5,1/1,1,1,0,0,50,71
253,Bo Oshoniyi,2000,KC,GK,1,1,90,3,2,0,0.0,0/0,1,0,0,1,100,67
254,Garth Lagerwey,2000,MIA,GK,2,1,167,17,11,5,2.69,1/1,0,2,0,0,0,65
255,Johann Noetzel,2000,DAL,GK,1,1,90,8,7,1,1.0,0/0,1,0,0,0,100,88
256,Andy Kirk,2000,TB,GK,0,0,0,0,0,0,0.0,0/0,0,0,0,0,0,0
257,Anthony Latronica,2000,MET,GK,0,0,0,0,0,0,0.0,0/0,0,0,0,0,0,0
258,Chuck Browder,2000,CLB,GK,0,0,0,0,0,0,0.0,0/0,0,0,0,0,0,0
259,David Winner,2000,NE,GK,0,0,0,0,0,0,0.0,0/0,0,0,0,0,0,0
260,Greg Connel,2000,CLB,GK,0,0,0,0,0,0,0.0,0/0,0,0,0,0,0,0
261,Matt Nelson,2000,CLB,GK,0,0,0,0,0,0,0.0,0/0,0,0,0,0,0,0
262,Matt Nyman,2000,TB,GK,0,0,0,0,0,0,0.0,0/0,0,0,0,0,0,0
263,Paul Marcoullier,2000,DC,GK,1,0,2,0,0,0,0.0,0/0,0,0,0,0,0,0
264,Peter Van Deven,2000,LA,GK,0,0,0,0,0,0,0.0,0/0,0,0,0,0,0,0
265,Preston Burpo,2000,COL,GK,0,0,0,0,0,0,0.0,0/0,0,0,0,0,0,0
266,Randy Dedini,2000,COL,GK,0,0,0,0,0,0,0.0,0/0,0,0,0,0,0,0
267,Rich Cullen,2000,COL,GK,0,0,0,0,0,0,0.0,0/0,0,0,0,0,0,0
268,Russell Payne,2000,MET,GK,1,0,8,5,1,2,22.5,1/1,0,0,0,0,0,20
269,Scott Budnick,2000,NE,GK,0,0,0,0,0,0,0.0,0/0,0,0,0,0,0,0
270,Scott Vallow,2000,CHI,GK,0,0,0,0,0,0,0.0,0/0,0,0,0,0,0,0
271,Steve Armas,2000,CLB,M,0,0,0,0,0,0,0.0,0/0,0,0,0,0,0,0
272,Tom Tate,2000,TB,GK,0,0,0,0,0,0,0.0,0/0,0,0,0,0,0,0
273,Zach Thornton,2001,CHI,GK,27,27,2496,145,111,30,1.08,3/3,16,6,5,9,59,77
274,Matt Jordan,2001,DAL,GK,26,26,2388,138,91,45,1.7,2/6,10,11,5,9,38,66
275,Scott Garlick,2001,COL,GK,26,26,2400,205,138,56,2.1,6/6,6,15,5,1,23,67
276,Tim Howard,2001,MET,GK,26,26,2370,190,146,35,1.33,3/3,13,10,3,4,50,77
277,Joe Cannon,2001,SJ,GK,25,25,2306,134,101,28,1.09,3/4,13,6,6,7,52,75
278,Nick Rimando,2001,MIA,GK,25,25,2300,155,116,33,1.29,3/5,15,5,5,5,60,75
279,Tom Presthus,2001,CLB,GK,25,25,2309,178,136,35,1.36,2/3,12,7,6,5,48,76
280,Adin Brown,2001,TB,GK,22,22,2018,179,118,51,2.27,4/5,3,16,3,3,14,66
281,Mike Ammann,2001,DC,GK,19,19,1739,111,73,38,1.97,3/5,3,14,2,1,16,66
282,Tony Meola,2001,KC,GK,17,17,1534,111,80,28,1.64,2/3,7,8,2,4,41,72
283,Matt Reis,2001,LA,GK,16,15,1405,76,52,22,1.41,2/2,8,3,4,6,50,68
284,Kevin Hartman,2001,LA,GK,11,11,1007,66,48,14,1.25,0/1,6,4,1,4,55,73
285,Bo Oshoniyi,2001,KC,GK,11,10,938,74,48,25,2.4,0/0,4,5,1,3,36,65
286,Jeff Causey,2001,NE,GK,11,10,1000,91,58,23,2.07,1/1,3,5,3,1,27,64
287,Juergen Sommer,2001,NE,GK,10,10,911,68,50,17,1.68,0/1,3,6,1,1,30,74
288,Jose Fernandez,2001,NE,GK,7,7,578,45,30,12,1.87,1/2,1,3,2,1,14,67
289,Mark Simpson,2001,DC,GK,7,7,630,44,30,12,1.71,1/1,5,2,0,1,71,68
290,David Kramer,2001,COL,GK,5,5,466,34,25,8,1.55,1/1,0,3,2,0,0,74
291,Jeff Cassar,2001,MIA,GK,1,1,90,9,5,3,3.0,0/0,1,0,0,0,100,56
292,Jon Conway,2001,SJ,GK,1,1,90,5,3,1,1.0,0/0,0,1,0,0,0,60
293,Mark Dougherty,2001,CLB,GK,2,1,100,6,5,1,0.9,0/0,1,0,0,0,50,83
294,Adam Throop,2001,DAL,GK,0,0,0,0,0,0,0.0,0/0,0,0,0,0,0,0
295,Alex Deegan,2001,DAL,GK,0,0,0,0,0,0,0.0,0/0,0,0,0,0,0,0
296,Anthony Latronica,2001,KC,GK,0,0,0,0,0,0,0.0,0/0,0,0,0,0,0,0
297,Chris Snitko,2001,DAL,GK,1,0,24,2,0,2,7.5,0/0,0,0,0,0,0,0
298,Mark Dougherty,2001,CLB,GK,2,1,100,6,5,1,0.9,0/0,1,0,0,0,50,83
299,Adam Throop,2001,DAL,GK,0,0,0,0,0,0,0.0,0/0,0,0,0,0,0,0
300,Alex Deegan,2001,DAL,GK,0,0,0,0,0,0,0.0,0/0,0,0,0,0,0,0
301,Anthony Latronica,2001,KC,GK,0,0,0,0,0,0,0.0,0/0,0,0,0,0,0,0
302,Chris Snitko,2001,DAL,GK,1,0,24,2,0,2,7.5,0/0,0,0,0,0,0,0
303,Cole Burgman,2001,DAL,GK,0,0,0,0,0,0,0.0,0/0,0,0,0,0,0,0
304,D.J. Countess,2001,MET,GK,0,0,0,0,0,0,0.0,0/0,0,0,0,0,0,0
305,Dan Moss,2001,KC,GK,0,0,0,0,0,0,0.0,0/0,0,0,0,0,0,0
306,Dan Popik,2001,DAL,GK,0,0,0,0,0,0,0.0,0/0,0,0,0,0,0,0
307,David Winner,2001,MIA,GK,0,0,0,0,0,0,0.0,0/0,0,0,0,0,0,0
308,Eric Pogue,2001,DAL,GK,0,0,0,0,0,0,0.0,0/0,0,0,0,0,0,0
309,Henry Ring,2001,CHI,GK,0,0,0,0,0,0,0.0,0/0,0,0,0,0,0,0
310,Joe Warren,2001,TB,GK,0,0,0,0,0,0,0.0,0/0,0,0,0,0,0,0
311,Jon Lowery,2001,TB,GK,0,0,0,0,0,0,0.0,0/0,0,0,0,0,0,0
312,Matt Napoleon,2001,DAL,GK,0,0,0,0,0,0,0.0,0/0,0,0,0,0,0,0
313,Matt Nyman,2001,TB,GK,0,0,0,0,0,0,0.0,0/0,0,0,0,0,0,0
314,Nick Downing,2001,NE,D,1,0,3,1,1,0,0.0,0/0,0,0,0,0,0,100
315,Paul Grafer,2001,MET,GK,0,0,0,0,0,0,0.0,0/0,0,0,0,0,0,0
316,Preston Burpo,2001,COL,GK,0,0,0,0,0,0,0.0,0/0,0,0,0,0,0,0
317,Randy Dedini,2001,NE,GK,0,0,0,0,0,0,0.0,0/0,0,0,0,0,0,0
318,Rich Cullen,2001,COL,GK,0,0,0,0,0,0,0.0,0/0,0,0,0,0,0,0
319,Ronnie Pascale,2001,DC,GK,0,0,0,0,0,0,0.0,0/0,0,0,0,0,0,0
320,T.J. Hannig,2001,DC,GK,0,0,0,0,0,0,0.0,0/0,0,0,0,0,0,0
321,Taly Goode,2001,KC,GK,0,0,0,0,0,0,0.0,0/0,0,0,0,0,0,0
322,Wolde Harris,2001,NE,F,1,0,1,0,0,0,0.0,0/0,0,0,0,0,0,0
323,Mark Dougherty,2001,CLB,GK,2,1,100,6,5,1,0.9,0/0,1,0,0,0,50,83
324,Adam Throop,2001,DAL,GK,0,0,0,0,0,0,0.0,0/0,0,0,0,0,0,0
325,Alex Deegan,2001,DAL,GK,0,0,0,0,0,0,0.0,0/0,0,0,0,0,0,0
326,Anthony Latronica,2001,KC,GK,0,0,0,0,0,0,0.0,0/0,0,0,0,0,0,0
327,Chris Snitko,2001,DAL,GK,1,0,24,2,0,2,7.5,0/0,0,0,0,0,0,0
328,Cole Burgman,2001,DAL,GK,0,0,0,0,0,0,0.0,0/0,0,0,0,0,0,0
329,D.J. Countess,2001,MET,GK,0,0,0,0,0,0,0.0,0/0,0,0,0,0,0,0
330,Dan Moss,2001,KC,GK,0,0,0,0,0,0,0.0,0/0,0,0,0,0,0,0
331,Dan Popik,2001,DAL,GK,0,0,0,0,0,0,0.0,0/0,0,0,0,0,0,0
332,David Winner,2001,MIA,GK,0,0,0,0,0,0,0.0,0/0,0,0,0,0,0,0
333,Eric Pogue,2001,DAL,GK,0,0,0,0,0,0,0.0,0/0,0,0,0,0,0,0
334,Henry Ring,2001,CHI,GK,0,0,0,0,0,0,0.0,0/0,0,0,0,0,0,0
335,Joe Warren,2001,TB,GK,0,0,0,0,0,0,0.0,0/0,0,0,0,0,0,0
336,Jon Lowery,2001,TB,GK,0,0,0,0,0,0,0.0,0/0,0,0,0,0,0,0
337,Matt Napoleon,2001,DAL,GK,0,0,0,0,0,0,0.0,0/0,0,0,0,0,0,0
338,Matt Nyman,2001,TB,GK,0,0,0,0,0,0,0.0,0/0,0,0,0,0,0,0
339,Nick Downing,2001,NE,D,1,0,3,1,1,0,0.0,0/0,0,0,0,0,0,100
340,Paul Grafer,2001,MET,GK,0,0,0,0,0,0,0.0,0/0,0,0,0,0,0,0
341,Preston Burpo,2001,COL,GK,0,0,0,0,0,0,0.0,0/0,0,0,0,0,0,0
342,Randy Dedini,2001,NE,GK,0,0,0,0,0,0,0.0,0/0,0,0,0,0,0,0
343,Rich Cullen,2001,COL,GK,0,0,0,0,0,0,0.0,0/0,0,0,0,0,0,0
344,Ronnie Pascale,2001,DC,GK,0,0,0,0,0,0,0.0,0/0,0,0,0,0,0,0
345,T.J. Hannig,2001,DC,GK,0,0,0,0,0,0,0.0,0/0,0,0,0,0,0,0
346,Taly Goode,2001,KC,GK,0,0,0,0,0,0,0.0,0/0,0,0,0,0,0,0
347,Wolde Harris,2001,NE,F,1,0,1,0,0,0,0.0,0/0,0,0,0,0,0,0
348,Nick Rimando,2002,DC,GK,28,28,2588,183,131,40,1.39,5/6,9,14,5,7,32,72
349,Matt Jordan,2002,DAL,GK,27,27,2511,158,109,42,1.51,5/6,12,9,6,3,44,69
350,Tim Howard,2002,MET,GK,27,27,2463,195,140,44,1.61,2/4,11,14,2,4,41,72
351,Zach Thornton,2002,CHI,GK,27,27,2483,164,124,34,1.23,3/3,10,13,4,7,37,76
352,Joe Cannon,2002,SJ,GK,26,26,2375,136,100,29,1.1,4/5,13,10,3,8,50,74
353,Kevin Hartman,2002,LA,GK,18,18,1648,108,83,20,1.09,2/3,11,6,1,5,61,77
354,Tony Meola,2002,KC,GK,17,17,1519,88,65,21,1.24,0/2,6,5,5,3,35,74
355,Adin Brown,2002,NE,GK,16,16,1460,102,72,20,1.23,2/3,9,6,1,5,56,71
356,Scott Garlick,2002,COL,GK,15,15,1374,92,61,24,1.57,1/1,6,7,2,4,40,66
357,Tom Presthus,2002,CLB,GK,15,15,1365,103,73,28,1.85,2/3,3,9,3,2,20,71
358,David Kramer,2002,COL,GK,13,13,1195,75,49,24,1.81,2/3,7,4,2,2,54,65
359,Jon Busch,2002,CLB,GK,14,13,1236,80,63,15,1.09,0/2,8,3,2,5,57,79
360,Juergen Sommer,2002,NE,GK,12,12,1090,87,53,29,2.39,1/1,3,8,1,2,25,61
361,Bo Oshoniyi,2002,KC,GK,13,11,1096,80,55,24,1.97,1/2,3,5,4,1,23,69
362,Matt Reis,2002,LA,GK,11,10,929,47,33,13,1.26,1/1,5,3,2,2,45,70
363,Jon Conway,2002,SJ,GK,3,2,181,17,11,6,2.98,1/1,1,1,0,0,33,65
364,D.J. Countess,2002,DAL,GK,1,1,100,7,6,1,0.9,0/0,0,0,1,0,0,86
365,Henry Ring,2002,CHI,GK,1,1,90,7,3,4,4.0,0/0,1,0,0,0,100,43
366,Paul Grafer,2002,MET,GK,2,1,91,7,3,3,2.97,1/1,0,1,0,0,0,43
367,Bryheem Hancock,2002,DAL,GK,0,0,0,0,0,0,0.0,0/0,0,0,0,0,0,0
368,Chris Wanamaker,2002,CLB,GK,0,0,0,0,0,0,0.0,0/0,0,0,0,0,0,0
369,Dan Sirota,2002,LA,GK,0,0,0,0,0,0,0.0,0/0,0,0,0,0,0,0
370,Dmitri Strunkin,2002,NE,GK,0,0,0,0,0,0,0.0,0/0,0,0,0,0,0,0
371,Greg Sutton,2002,DAL,GK,0,0,0,0,0,0,0.0,0/0,0,0,0,0,0,0
372,Jeff Cassar,2002,MET,GK,0,0,0,0,0,0,0.0,0/0,0,0,0,0,0,0
373,Scott Garlick,2002,COL,GK,15,15,1374,92,61,24,1.57,1/1,6,7,2,4,40,66
374,Tom Presthus,2002,CLB,GK,15,15,1365,103,73,28,1.85,2/3,3,9,3,2,20,71
375,David Kramer,2002,COL,GK,13,13,1195,75,49,24,1.81,2/3,7,4,2,2,54,65
376,Jon Busch,2002,CLB,GK,14,13,1236,80,63,15,1.09,0/2,8,3,2,5,57,79
377,Juergen Sommer,2002,NE,GK,12,12,1090,87,53,29,2.39,1/1,3,8,1,2,25,61
378,Bo Oshoniyi,2002,KC,GK,13,11,1096,80,55,24,1.97,1/2,3,5,4,1,23,69
379,Matt Reis,2002,LA,GK,11,10,929,47,33,13,1.26,1/1,5,3,2,2,45,70
380,Jon Conway,2002,SJ,GK,3,2,181,17,11,6,2.98,1/1,1,1,0,0,33,65
381,D.J. Countess,2002,DAL,GK,1,1,100,7,6,1,0.9,0/0,0,0,1,0,0,86
382,Henry Ring,2002,CHI,GK,1,1,90,7,3,4,4.0,0/0,1,0,0,0,100,43
383,Paul Grafer,2002,MET,GK,2,1,91,7,3,3,2.97,1/1,0,1,0,0,0,43
384,Bryheem Hancock,2002,DAL,GK,0,0,0,0,0,0,0.0,0/0,0,0,0,0,0,0
385,Chris Wanamaker,2002,CLB,GK,0,0,0,0,0,0,0.0,0/0,0,0,0,0,0,0
386,Dan Sirota,2002,LA,GK,0,0,0,0,0,0,0.0,0/0,0,0,0,0,0,0
387,Dmitri Strunkin,2002,NE,GK,0,0,0,0,0,0,0.0,0/0,0,0,0,0,0,0
388,Greg Sutton,2002,DAL,GK,0,0,0,0,0,0,0.0,0/0,0,0,0,0,0,0
389,Jeff Cassar,2002,MET,GK,0,0,0,0,0,0,0.0,0/0,0,0,0,0,0,0
390,Jon Lowery,2002,SJ,GK,0,0,0,0,0,0,0.0,0/0,0,0,0,0,0,0
391,Josh Lynk,2002,DAL,GK,0,0,0,0,0,0,0.0,0/0,0,0,0,0,0,0
392,Matt Napoleon,2002,COL,GK,0,0,0,0,0,0,0.0,0/0,0,0,0,0,0,0
393,Michael Ueltschey,2002,COL,GK,0,0,0,0,0,0,0.0,0/0,0,0,0,0,0,0
394,Mike McGinty,2002,DC,GK,0,0,0,0,0,0,0.0,0/0,0,0,0,0,0,0
395,Rich Cullen,2002,COL,GK,0,0,0,0,0,0,0.0,0/0,0,0,0,0,0,0
396,Scott Vallow,2002,DAL,GK,0,0,0,0,0,0,0.0,0/0,0,0,0,0,0,0
397,Taly Goode,2002,KC,GK,0,0,0,0,0,0,0.0,0/0,0,0,0,0,0,0
398,Kevin Hartman,2003,LA,GK,30,30,2796,190,149,35,1.13,3/4,9,12,9,3,30,78
399,Tony Meola,2003,KC,GK,30,30,2789,172,121,44,1.42,6/6,11,10,9,4,37,70
400,Zach Thornton,2003,CHI,GK,30,30,2728,165,123,37,1.22,4/4,15,6,8,8,50,75
401,Pat Onstad,2003,SJ,GK,27,27,2510,138,103,29,1.04,1/1,14,5,8,9,52,75
402,Scott Garlick,2003,COL,GK,26,26,2346,123,83,38,1.46,5/6,11,10,5,9,42,67
403,Adin Brown,2003,NE,GK,25,25,2347,136,95,37,1.42,2/3,11,6,8,4,44,70
404,Nick Rimando,2003,DC,GK,25,25,2318,131,100,29,1.13,3/5,10,9,6,7,40,76
405,D.J. Countess,2003,DAL,GK,24,24,2193,173,115,48,1.97,6/10,5,15,4,2,21,66
406,Jon Busch,2003,CLB,GK,24,24,2194,144,104,35,1.44,8/8,9,8,6,4,38,72
407,Jonny Walker,2003,MET,GK,14,14,1325,70,55,14,0.95,2/3,4,5,5,4,29,79
408,Tim Howard,2003,MET,GK,13,13,1222,96,74,18,1.33,1/2,6,3,4,3,46,77
409,Jeff Cassar,2003,DAL,GK,7,6,561,40,23,16,2.57,0/0,1,4,1,2,14,58
410,Tom Presthus,2003,CLB,GK,7,6,613,30,21,9,1.32,0/0,1,4,2,2,14,70
411,Matt Reis,2003,NE,GK,5,5,458,23,12,10,1.97,2/2,1,3,1,0,20,52
412,Doug Warren,2003,DC,GK,5,4,404,33,26,6,1.34,2/2,0,2,2,0,0,79
413,Scott Vallow,2003,COL,GK,4,4,380,22,14,7,1.66,2/2,0,2,2,0,0,64
414,Jon Conway,2003,SJ,GK,3,3,280,18,11,6,1.93,0/0,0,2,1,1,0,61
415,Paul Grafer,2003,MET,GK,3,3,270,24,14,8,2.67,0/0,1,2,0,1,33,58
416,Clint Baumstark,2003,DC,GK,1,1,100,1,0,1,0.9,0/0,0,0,1,0,0,0
417,Bo Oshoniyi,2003,KC,GK,1,0,7,0,0,0,0.0,0/0,0,0,0,0,0,0
418,Byron Foss,2003,COL,GK,0,0,0,0,0,0,0.0,0/0,0,0,0,0,0,0
419,Chris Gbandi,2003,DAL,D,1,0,1,0,0,0,0.0,0/0,0,0,0,0,0,0
420,Curtis Spiteri,2003,CHI,GK,1,0,44,10,4,6,12.27,0/0,0,1,0,0,0,40
421,Damani Ralph,2003,CHI,F,0,0,0,0,0,0,0.0,0/0,0,0,0,0,0,0
422,Dan Popik,2003,LA,GK,1,0,16,0,0,0,0.0,0/0,0,0,0,0,0,0
423,Tom Presthus,2003,CLB,GK,7,6,613,30,21,9,1.32,0/0,1,4,2,2,14,70
424,Matt Reis,2003,NE,GK,5,5,458,23,12,10,1.97,2/2,1,3,1,0,20,52
425,Doug Warren,2003,DC,GK,5,4,404,33,26,6,1.34,2/2,0,2,2,0,0,79
426,Scott Vallow,2003,COL,GK,4,4,380,22,14,7,1.66,2/2,0,2,2,0,0,64
427,Jon Conway,2003,SJ,GK,3,3,280,18,11,6,1.93,0/0,0,2,1,1,0,61
428,Paul Grafer,2003,MET,GK,3,3,270,24,14,8,2.67,0/0,1,2,0,1,33,58
429,Clint Baumstark,2003,DC,GK,1,1,100,1,0,1,0.9,0/0,0,0,1,0,0,0
430,Bo Oshoniyi,2003,KC,GK,1,0,7,0,0,0,0.0,0/0,0,0,0,0,0,0
431,Byron Foss,2003,COL,GK,0,0,0,0,0,0,0.0,0/0,0,0,0,0,0,0
432,Chris Gbandi,2003,DAL,D,1,0,1,0,0,0,0.0,0/0,0,0,0,0,0,0
433,Curtis Spiteri,2003,CHI,GK,1,0,44,10,4,6,12.27,0/0,0,1,0,0,0,40
434,Damani Ralph,2003,CHI,F,0,0,0,0,0,0,0.0,0/0,0,0,0,0,0,0
435,Dan Popik,2003,LA,GK,1,0,16,0,0,0,0.0,0/0,0,0,0,0,0,0
436,Eddie Gaven,2003,MET,M,1,0,1,0,0,0,0.0,0/0,0,0,0,0,0,0
437,Henry Ring,2003,CHI,GK,1,0,11,1,1,0,0.0,0/0,0,0,0,0,0,100
438,Joe Cannon,2003,COL,GK,1,0,44,0,0,0,0.0,0/0,0,0,0,0,0,0
439,John Wolyniec,2003,MET,F,0,0,0,0,0,0,0.0,0/0,0,0,0,0,0,0
440,Jorge Geddes,2003,DC,GK,0,0,0,0,0,0,0.0,0/0,0,0,0,0,0,0
441,Josh Saunders,2003,SJ,GK,0,0,0,0,0,0,0.0,0/0,0,0,0,0,0,0
442,Kyle Singer,2003,NE,GK,1,0,1,0,0,0,0.0,0/0,0,0,0,0,0,0
443,Michael Ueltschey,2003,CLB,GK,0,0,0,0,0,0,0.0,0/0,0,0,0,0,0,0
444,Mike McGinty,2003,CHI,GK,0,0,0,0,0,0,0.0,0/0,0,0,0,0,0,0
445,Pat Noonan,2003,NE,F,0,0,0,0,0,0,0.0,0/0,0,0,0,0,0,0
446,Shalrie Joseph,2003,NE,M,1,0,1,0,0,0,0.0,0/0,0,0,0,0,0,0
447,Taly Goode,2003,KC,GK,0,0,0,0,0,0,0.0,0/0,0,0,0,0,0,0
448,Joe Cannon,2004,COL,GK,30,30,2700,187,150,32,1.07,5/7,10,9,11,10,33,80
449,Kevin Hartman,2004,LA,GK,30,30,2655,164,117,39,1.32,4/5,11,8,10,7,37,71
450,Jon Busch,2004,CLB,GK,29,29,2610,169,132,31,1.07,6/7,12,5,12,10,41,78
451,Henry Ring,2004,CHI,GK,28,28,2520,170,128,40,1.43,5/6,7,12,9,7,25,75
452,Jonny Walker,2004,MET,GK,28,28,2520,148,99,45,1.61,3/4,10,11,7,5,36,67
453,Pat Onstad,2004,SJ,GK,25,25,2250,132,98,32,1.28,2/3,7,8,10,6,28,74
454,Matt Reis,2004,NE,GK,24,23,2114,134,97,32,1.36,4/4,7,10,7,3,29,72
455,Tony Meola,2004,KC,GK,21,21,1890,102,76,22,1.05,2/2,9,7,5,7,43,75
456,Jeff Cassar,2004,DAL,GK,19,19,1632,94,65,27,1.49,0/1,7,8,4,4,37,69
457,Troy Perkins,2004,DC,GK,16,16,1440,81,52,26,1.63,1/2,4,6,6,3,25,64
458,Nick Rimando,2004,DC,GK,13,13,1170,40,26,13,1.0,3/3,7,3,3,4,54,65
459,Scott Garlick,2004,DAL,GK,12,11,1068,72,52,18,1.52,1/1,3,6,2,4,25,72
460,Bo Oshoniyi,2004,KC,GK,9,9,810,56,42,8,0.89,1/2,5,2,2,5,56,75
461,Adin Brown,2004,NE,GK,7,7,585,51,39,11,1.69,0/0,1,3,2,1,14,76
462,Jon Conway,2004,SJ,GK,5,5,450,18,15,3,0.6,0/0,2,2,1,2,40,83
463,D.J. Countess,2004,CHI,GK,2,2,180,9,4,4,2.0,0/0,1,1,0,0,50,44
464,Zach Wells,2004,MET,GK,2,2,180,8,4,4,2.0,1/1,1,1,0,0,50,50
465,Doug Warren,2004,NE,GK,1,1,90,10,6,3,3.0,0/0,0,1,0,0,0,60
466,Matt Jordan,2004,CLB,GK,1,1,90,7,5,1,1.0,1/1,0,0,1,0,0,71
467,Andrew Terris,2004,NE,GK,0,0,0,0,0,0,0.0,0/0,0,0,0,0,0,0
468,Brandon Prideaux,2004,DC,D,0,0,0,0,0,0,0.0,0/0,0,0,0,0,0,0
469,Clint Baumstark,2004,CLB,GK,0,0,0,0,0,0,0.0,0/0,0,0,0,0,0,0
470,Dan Popik,2004,LA,GK,1,0,44,3,2,1,2.05,0/0,0,1,0,0,0,67
471,Kyle Singer,2004,NE,GK,0,0,0,0,0,0,0.0,0/0,0,0,0,0,0,0
472,Matt Crawford,2004,COL,M,0,0,0,0,0,0,0.0,0/0,0,0,0,0,0,0
473,Matt Reis,2004,NE,GK,24,23,2114,134,97,32,1.36,4/4,7,10,7,3,29,72
474,Tony Meola,2004,KC,GK,21,21,1890,102,76,22,1.05,2/2,9,7,5,7,43,75
475,Jeff Cassar,2004,DAL,GK,19,19,1632,94,65,27,1.49,0/1,7,8,4,4,37,69
476,Troy Perkins,2004,DC,GK,16,16,1440,81,52,26,1.63,1/2,4,6,6,3,25,64
477,Nick Rimando,2004,DC,GK,13,13,1170,40,26,13,1.0,3/3,7,3,3,4,54,65
478,Scott Garlick,2004,DAL,GK,12,11,1068,72,52,18,1.52,1/1,3,6,2,4,25,72
479,Bo Oshoniyi,2004,KC,GK,9,9,810,56,42,8,0.89,1/2,5,2,2,5,56,75
480,Adin Brown,2004,NE,GK,7,7,585,51,39,11,1.69,0/0,1,3,2,1,14,76
481,Jon Conway,2004,SJ,GK,5,5,450,18,15,3,0.6,0/0,2,2,1,2,40,83
482,D.J. Countess,2004,CHI,GK,2,2,180,9,4,4,2.0,0/0,1,1,0,0,50,44
483,Zach Wells,2004,MET,GK,2,2,180,8,4,4,2.0,1/1,1,1,0,0,50,50
484,Doug Warren,2004,NE,GK,1,1,90,10,6,3,3.0,0/0,0,1,0,0,0,60
485,Matt Jordan,2004,CLB,GK,1,1,90,7,5,1,1.0,1/1,0,0,1,0,0,71
486,Andrew Terris,2004,NE,GK,0,0,0,0,0,0,0.0,0/0,0,0,0,0,0,0
487,Brandon Prideaux,2004,DC,D,0,0,0,0,0,0,0.0,0/0,0,0,0,0,0,0
488,Clint Baumstark,2004,CLB,GK,0,0,0,0,0,0,0.0,0/0,0,0,0,0,0,0
489,Dan Popik,2004,LA,GK,1,0,44,3,2,1,2.05,0/0,0,1,0,0,0,67
490,Kyle Singer,2004,NE,GK,0,0,0,0,0,0,0.0,0/0,0,0,0,0,0,0
491,Matt Crawford,2004,COL,M,0,0,0,0,0,0,0.0,0/0,0,0,0,0,0,0
492,Matt Pickens,2004,CHI,GK,0,0,0,0,0,0,0.0,0/0,0,0,0,0,0,0
493,Peter Billmeyer,2004,DAL,GK,0,0,0,0,0,0,0.0,0/0,0,0,0,0,0,0
494,Scott Vallow,2004,COL,GK,0,0,0,0,0,0,0.0,0/0,0,0,0,0,0,0
495,Steve Cronin,2004,SJ,GK,0,0,0,0,0,0,0.0,0/0,0,0,0,0,0,0
496,William Hesmer,2004,KC,GK,0,0,0,0,0,0,0.0,0/0,0,0,0,0,0,0
497,Zach Thornton,2004,CHI,GK,0,0,0,0,0,0,0.0,0/0,0,0,0,0,0,0
498,Bo Oshoniyi,2005,KC,GK,32,32,2880,163,112,44,1.38,1/1,11,9,12,7,34,69
499,Pat Onstad,2005,SJ,GK,32,32,2880,136,105,31,0.97,4/5,18,4,10,12,56,77
500,Kevin Hartman,2005,LA,GK,31,31,2790,138,94,43,1.39,6/6,13,13,5,6,42,68
501,Matt Reis,2005,NE,GK,31,31,2784,162,115,35,1.13,4/5,16,7,8,10,52,71
502,Nick Rimando,2005,DC,GK,30,30,2700,128,92,35,1.17,4/5,15,9,6,11,50,72
503,D.J. Countess,2005,RSL,GK,27,27,2422,170,112,54,2.01,3/3,4,19,4,4,15,66
504,Joe Cannon,2005,COL,GK,27,27,2399,139,100,32,1.2,6/6,10,12,4,8,37,72
505,Scott Garlick,2005,DAL,GK,28,27,2457,135,98,37,1.36,2/2,13,8,7,6,46,73
506,Zach Thornton,2005,CHI,GK,27,26,2310,126,82,42,1.64,4/5,12,10,2,6,44,65
507,Brad Guzan,2005,CHV,GK,24,23,2079,156,104,46,1.99,7/9,3,16,4,2,13,67
508,Zach Wells,2005,MET,GK,17,17,1530,95,69,21,1.24,3/5,6,4,7,4,35,73
509,Jonny Walker,2005,CLB,GK,16,16,1440,87,66,18,1.13,0/0,6,8,2,5,38,76
510,Tony Meola,2005,MET,GK,15,15,1350,117,83,28,1.87,0/0,6,5,4,2,40,71
511,Jon Busch,2005,CLB,GK,9,9,765,50,34,14,1.65,0/0,3,5,1,3,33,68
512,Bill Gaudette,2005,CLB,GK,6,5,495,33,21,10,1.82,1/1,1,3,1,1,17,64
513,Byron Foss,2005,COL,GK,6,5,481,26,21,5,0.94,0/0,3,1,2,2,50,81
514,Jay Nolly,2005,RSL,GK,5,5,450,46,34,11,2.2,1/1,1,3,1,0,20,74
515,Sergio Garcia,2005,CHV,GK,5,5,441,30,19,8,1.63,0/0,1,3,1,1,20,63
516,Jeff Cassar,2005,DAL,GK,4,4,333,21,13,7,1.89,0/0,0,2,1,0,0,62
517,Martin Zuniga,2005,CHV,GK,4,4,360,32,18,13,3.25,0/0,0,3,1,0,0,56
518,David Mahoney,2005,CHI,GK,3,3,270,11,7,4,1.33,1/1,1,1,1,1,33,64
519,Matt Pickens,2005,CHI,GK,5,3,298,15,10,4,1.21,0/0,2,2,1,0,40,67
520,Matt Jordan,2005,CLB,GK,2,2,180,16,13,3,1.5,1/2,1,0,1,0,50,81
521,Troy Perkins,2005,DC,GK,2,2,180,8,5,2,1.0,1/1,1,1,0,0,50,63
522,Dario Sala,2005,DAL,GK,1,1,90,2,2,0,0.0,0/0,0,0,1,1,0,100
523,Matt Pickens,2005,CHI,GK,5,3,298,15,10,4,1.21,0/0,2,2,1,0,40,67
524,Matt Jordan,2005,CLB,GK,2,2,180,16,13,3,1.5,1/2,1,0,1,0,50,81
525,Troy Perkins,2005,DC,GK,2,2,180,8,5,2,1.0,1/1,1,1,0,0,50,63
526,Dario Sala,2005,DAL,GK,1,1,90,2,2,0,0.0,0/0,0,0,1,1,0,100
527,Doug Warren,2005,NE,GK,2,1,96,7,4,2,1.88,1/1,1,0,0,0,50,57
528,Steve Cronin,2005,LA,GK,1,1,90,5,3,2,2.0,0/0,0,0,1,0,0,60
529,Andrew Terris,2005,CLB,GK,0,0,0,0,0,0,0.0,0/0,0,0,0,0,0,0
530,Andrew Weber,2005,DC,GK,0,0,0,0,0,0,0.0,0/0,0,0,0,0,0,0
531,Bouna Coundoul,2005,COL,GK,0,0,0,0,0,0,0.0,0/0,0,0,0,0,0,0
532,Brian Kamler,2005,RSL,M,1,0,8,0,0,0,0.0,0/0,0,0,0,0,0,0
533,Chris Gomez,2005,DAL,GK,0,0,0,0,0,0,0.0,0/0,0,0,0,0,0,0
534,Clint Baumstark,2005,CHI,GK,0,0,0,0,0,0,0.0,0/0,0,0,0,0,0,0
535,Javier Barragan,2005,CHV,GK,0,0,0,0,0,0,0.0,0/0,0,0,0,0,0,0
536,Jon Conway,2005,SJ,GK,0,0,0,0,0,0,0.0,0/0,0,0,0,0,0,0
537,Josh Saunders,2005,LA,GK,0,0,0,0,0,0,0.0,0/0,0,0,0,0,0,0
538,Kyle Singer,2005,NE,GK,0,0,0,0,0,0,0.0,0/0,0,0,0,0,0,0
539,Martin Hutton,2005,KC,GK,0,0,0,0,0,0,0.0,0/0,0,0,0,0,0,0
540,Michael Cardenas,2005,CLB,GK,0,0,0,0,0,0,0.0,0/0,0,0,0,0,0,0
541,Michael Ueltschey,2005,MET,GK,0,0,0,0,0,0,0.0,0/0,0,0,0,0,0,0
542,Noah Palmer,2005,RSL,GK,0,0,0,0,0,0,0.0,0/0,0,0,0,0,0,0
543,Robby Fulton,2005,SJ,GK,0,0,0,0,0,0,0.0,0/0,0,0,0,0,0,0
544,Shaun Kalnasy,2005,CHV,GK,0,0,0,0,0,0,0.0,0/0,0,0,0,0,0,0
545,T.J. Tomasso,2005,NE,GK,0,0,0,0,0,0,0.0,0/0,0,0,0,0,0,0
546,William Hesmer,2005,KC,GK,0,0,0,0,0,0,0.0,0/0,0,0,0,0,0,0
547,Winston Marshall,2005,DAL,D,0,0,0,0,0,0,0.0,0/0,0,0,0,0,0,0
548,Matt Pickens,2005,CHI,GK,5,3,298,15,10,4,1.21,0/0,2,2,1,0,40,67
549,Matt Jordan,2005,CLB,GK,2,2,180,16,13,3,1.5,1/2,1,0,1,0,50,81
550,Troy Perkins,2005,DC,GK,2,2,180,8,5,2,1.0,1/1,1,1,0,0,50,63
551,Dario Sala,2005,DAL,GK,1,1,90,2,2,0,0.0,0/0,0,0,1,1,0,100
552,Doug Warren,2005,NE,GK,2,1,96,7,4,2,1.88,1/1,1,0,0,0,50,57
553,Steve Cronin,2005,LA,GK,1,1,90,5,3,2,2.0,0/0,0,0,1,0,0,60
554,Andrew Terris,2005,CLB,GK,0,0,0,0,0,0,0.0,0/0,0,0,0,0,0,0
555,Andrew Weber,2005,DC,GK,0,0,0,0,0,0,0.0,0/0,0,0,0,0,0,0
556,Bouna Coundoul,2005,COL,GK,0,0,0,0,0,0,0.0,0/0,0,0,0,0,0,0
557,Brian Kamler,2005,RSL,M,1,0,8,0,0,0,0.0,0/0,0,0,0,0,0,0
558,Chris Gomez,2005,DAL,GK,0,0,0,0,0,0,0.0,0/0,0,0,0,0,0,0
559,Clint Baumstark,2005,CHI,GK,0,0,0,0,0,0,0.0,0/0,0,0,0,0,0,0
560,Javier Barragan,2005,CHV,GK,0,0,0,0,0,0,0.0,0/0,0,0,0,0,0,0
561,Jon Conway,2005,SJ,GK,0,0,0,0,0,0,0.0,0/0,0,0,0,0,0,0
562,Josh Saunders,2005,LA,GK,0,0,0,0,0,0,0.0,0/0,0,0,0,0,0,0
563,Kyle Singer,2005,NE,GK,0,0,0,0,0,0,0.0,0/0,0,0,0,0,0,0
564,Martin Hutton,2005,KC,GK,0,0,0,0,0,0,0.0,0/0,0,0,0,0,0,0
565,Michael Cardenas,2005,CLB,GK,0,0,0,0,0,0,0.0,0/0,0,0,0,0,0,0
566,Michael Ueltschey,2005,MET,GK,0,0,0,0,0,0,0.0,0/0,0,0,0,0,0,0
567,Noah Palmer,2005,RSL,GK,0,0,0,0,0,0,0.0,0/0,0,0,0,0,0,0
568,Robby Fulton,2005,SJ,GK,0,0,0,0,0,0,0.0,0/0,0,0,0,0,0,0
569,Shaun Kalnasy,2005,CHV,GK,0,0,0,0,0,0,0.0,0/0,0,0,0,0,0,0
570,T.J. Tomasso,2005,NE,GK,0,0,0,0,0,0,0.0,0/0,0,0,0,0,0,0
571,William Hesmer,2005,KC,GK,0,0,0,0,0,0,0.0,0/0,0,0,0,0,0,0
572,Winston Marshall,2005,DAL,D,0,0,0,0,0,0,0.0,0/0,0,0,0,0,0,0
573,Matt Reis,2006,NE,GK,32,32,2880,182,141,35,1.09,1/3,12,8,12,10,38,77
574,Pat Onstad,2006,HOU,GK,32,32,2880,132,85,40,1.25,3/3,11,8,13,5,34,64
575,Scott Garlick,2006,RSL,GK,31,31,2745,158,108,43,1.41,1/2,10,12,9,4,32,68
576,Troy Perkins,2006,DC,GK,30,30,2700,140,100,34,1.13,8/8,15,6,9,8,50,71
577,Bo Oshoniyi,2006,KC,GK,29,29,2610,138,95,41,1.41,5/6,9,12,8,5,31,69
578,Dario Sala,2006,DAL,GK,28,28,2475,129,93,34,1.24,1/1,14,10,4,5,50,72
579,Joe Cannon,2006,COL,GK,28,28,2440,146,99,42,1.55,3/4,9,11,7,7,32,68
580,Kevin Hartman,2006,LA,GK,28,28,2520,120,88,32,1.14,2/3,10,12,6,9,36,73
581,Zach Thornton,2006,CHI,GK,24,24,2160,118,86,30,1.25,2/3,8,8,8,7,33,73
582,Tony Meola,2006,NY,GK,20,20,1800,120,91,29,1.45,1/1,2,9,9,5,10,76
583,Preston Burpo,2006,CHV,GK,19,19,1710,87,58,23,1.21,1/1,7,3,9,5,37,67
584,Brad Guzan,2006,CHV,GK,13,13,1170,70,49,19,1.46,1/1,3,6,4,5,23,70
585,Jon Conway,2006,NY,GK,12,12,1080,67,54,12,1.0,3/3,7,2,3,5,58,81
586,Bill Gaudette,2006,CLB,GK,11,11,990,60,45,13,1.18,0/1,3,5,3,3,27,75
587,Noah Palmer,2006,CLB,GK,10,10,900,56,40,13,1.3,0/0,1,5,4,1,10,71
588,Jon Busch,2006,CLB,GK,8,8,715,45,34,9,1.13,0/0,3,3,2,3,38,76
589,Matt Pickens,2006,CHI,GK,8,8,720,57,47,11,1.38,1/1,5,3,0,1,63,82
590,Bouna Coundoul,2006,COL,GK,5,4,440,22,15,7,1.43,1/1,2,2,1,2,40,68
591,Shaka Hislop,2006,DAL,GK,4,4,360,25,13,10,2.5,0/0,2,2,0,0,50,52
592,Steve Cronin,2006,LA,GK,4,4,360,16,11,5,1.25,0/0,1,3,0,0,25,69
593,William Hesmer,2006,KC,GK,3,3,270,12,9,4,1.33,0/0,1,2,0,1,33,75
594,Andy Gruenebaum,2006,CLB,GK,3,2,185,14,12,2,0.97,0/0,1,1,0,0,33,86
595,Nick Rimando,2006,DC,GK,2,2,180,10,6,4,2.0,0/1,0,1,1,0,0,60
596,Dan Popik,2006,CLB,GK,1,1,90,11,7,5,5.0,1/1,0,1,0,0,0,64
597,Jay Nolly,2006,RSL,GK,2,1,134,13,7,6,4.03,0/0,0,1,0,0,0,54
598,Shaka Hislop,2006,DAL,GK,4,4,360,25,13,10,2.5,0/0,2,2,0,0,50,52
599,Steve Cronin,2006,LA,GK,4,4,360,16,11,5,1.25,0/0,1,3,0,0,25,69
600,William Hesmer,2006,KC,GK,3,3,270,12,9,4,1.33,0/0,1,2,0,1,33,75
601,Andy Gruenebaum,2006,CLB,GK,3,2,185,14,12,2,0.97,0/0,1,1,0,0,33,86
602,Nick Rimando,2006,DC,GK,2,2,180,10,6,4,2.0,0/1,0,1,1,0,0,60
603,Dan Popik,2006,CLB,GK,1,1,90,11,7,5,5.0,1/1,0,1,0,0,0,64
604,Jay Nolly,2006,RSL,GK,2,1,134,13,7,6,4.03,0/0,0,1,0,0,0,54
605,Chase Harrison,2006,RSL,GK,0,0,0,0,0,0,0.0,0/0,0,0,0,0,0,0
606,Chris Dunsheath,2006,LA,GK,0,0,0,0,0,0,0.0,0/0,0,0,0,0,0,0
607,David Mahoney,2006,CHI,GK,0,0,0,0,0,0,0.0,0/0,0,0,0,0,0,0
608,Dominik Jakubek,2006,CLB,GK,0,0,0,0,0,0,0.0,0/0,0,0,0,0,0,0
609,Doug Warren,2006,NE,GK,0,0,0,0,0,0,0.0,0/0,0,0,0,0,0,0
610,Eric Kronberg,2006,KC,GK,0,0,0,0,0,0,0.0,0/0,0,0,0,0,0,0
611,Jeff Cassar,2006,DAL,GK,1,0,44,3,3,0,0.0,0/0,0,0,0,0,0,100
612,Jonny Walker,2006,CLB,GK,0,0,0,0,0,0,0.0,0/0,0,0,0,0,0,0
613,Josh Saunders,2006,LA,GK,0,0,0,0,0,0,0.0,0/0,0,0,0,0,0,0
614,Martin Hutton,2006,HOU,GK,0,0,0,0,0,0,0.0,0/0,0,0,0,0,0,0
615,Matt Jordan,2006,COL,GK,0,0,0,0,0,0,0.0,0/0,0,0,0,0,0,0
616,Michael Behonick,2006,NY,GK,0,0,0,0,0,0,0.0,0/0,0,0,0,0,0,0
617,Nick Armington,2006,RSL,GK,0,0,0,0,0,0,0.0,0/0,0,0,0,0,0,0
618,Peter Dzubay,2006,CHI,GK,0,0,0,0,0,0,0.0,0/0,0,0,0,0,0,0
619,Ray Burse,2006,DAL,GK,0,0,0,0,0,0,0.0,0/0,0,0,0,0,0,0
620,Ryan McIntosh,2006,DC,GK,0,0,0,0,0,0,0.0,0/0,0,0,0,0,0,0
621,T.J. Tomasso,2006,NE,GK,0,0,0,0,0,0,0.0,0/0,0,0,0,0,0,0
622,Zach Wells,2006,HOU,GK,0,0,0,0,0,0,0.0,0/0,0,0,0,0,0,0
623,Bouna Coundoul,2007,COL,GK,30,30,2668,158,120,32,1.08,2/2,9,12,8,9,30,76
624,Kevin Hartman,2007,KC,GK,30,30,2700,159,110,45,1.5,6/7,11,12,7,5,37,69
625,Matt Reis,2007,NE,GK,30,30,2700,169,120,43,1.43,3/3,14,8,8,10,47,71
626,Joe Cannon,2007,LA,GK,29,29,2610,171,119,46,1.59,4/5,9,13,7,5,31,70
627,Troy Perkins,2007,DC,GK,29,29,2610,155,117,32,1.1,1/3,16,6,7,8,55,75
628,Brad Guzan,2007,CHV,GK,27,27,2430,119,87,25,0.93,2/3,14,6,7,13,52,73
629,Matt Pickens,2007,CHI,GK,27,27,2430,137,102,31,1.15,4/4,9,8,10,10,33,74
630,Nick Rimando,2007,RSL,GK,27,27,2430,191,146,37,1.37,4/6,6,13,8,7,22,76
631,Pat Onstad,2007,HOU,GK,27,27,2418,109,85,22,0.82,1/2,13,8,6,11,48,78
632,William Hesmer,2007,CLB,GK,20,20,1800,99,71,29,1.45,2/3,8,7,5,5,40,72
633,Dario Sala,2007,DAL,GK,18,18,1620,97,64,29,1.61,2/2,8,7,3,5,44,66
634,Ronald Waterreus,2007,NY,GK,18,18,1557,89,59,31,1.79,3/3,6,6,5,5,33,66
635,Jon Conway,2007,NY,GK,14,12,1142,79,57,14,1.1,1/2,6,5,2,4,43,72
636,Kenny Stamatopoulos,2007,TOR,GK,12,12,1080,61,41,20,1.67,4/4,1,8,3,2,8,67
637,Andy Gruenebaum,2007,CLB,GK,10,10,900,53,35,15,1.5,0/0,1,4,5,3,10,66
638,Greg Sutton,2007,TOR,GK,8,8,720,53,36,15,1.88,2/2,2,5,1,1,25,68
639,Srdjan Djekanovic,2007,TOR,GK,8,7,635,34,22,9,1.28,1/1,2,3,2,2,25,65
640,Ray Burse,2007,DAL,GK,6,6,540,29,23,6,1.0,1/1,3,2,1,2,50,79
641,Shaka Hislop,2007,DAL,GK,6,6,540,32,23,9,1.5,0/0,2,3,1,0,33,72
642,Chris Seitz,2007,RSL,GK,3,3,270,14,6,8,2.67,0/0,0,2,1,0,0,43
643,Jon Busch,2007,CHI,GK,3,3,270,20,15,5,1.67,2/2,1,2,0,1,33,75
644,Preston Burpo,2007,CHV,GK,3,3,270,16,13,3,1.0,0/0,1,1,1,1,33,81
645,Zach Wells,2007,HOU,GK,4,3,282,9,8,1,0.32,1/1,2,0,1,2,50,89
646,Sam Reynolds,2007,TOR,GK,2,2,175,11,9,2,1.03,1/1,1,0,1,0,50,82
647,David Monsalve,2007,TOR,GK,1,1,90,10,7,3,3.0,0/0,0,1,0,0,0,70
648,Chris Seitz,2007,RSL,GK,3,3,270,14,6,8,2.67,0/0,0,2,1,0,0,43
649,Jon Busch,2007,CHI,GK,3,3,270,20,15,5,1.67,2/2,1,2,0,1,33,75
650,Preston Burpo,2007,CHV,GK,3,3,270,16,13,3,1.0,0/0,1,1,1,1,33,81
651,Zach Wells,2007,HOU,GK,4,3,282,9,8,1,0.32,1/1,2,0,1,2,50,89
652,Sam Reynolds,2007,TOR,GK,2,2,175,11,9,2,1.03,1/1,1,0,1,0,50,82
653,David Monsalve,2007,TOR,GK,1,1,90,10,7,3,3.0,0/0,0,1,0,0,0,70
654,Jay Nolly,2007,DC,GK,1,1,90,9,7,2,2.0,0/0,0,1,0,0,0,78
655,Steve Cronin,2007,LA,GK,1,1,90,8,6,2,2.0,0/0,0,1,0,0,0,75
656,Bill Gaudette,2007,CLB,GK,0,0,0,0,0,0,0.0,0/0,0,0,0,0,0,0
657,Boris Pardo,2007,DAL,GK,0,0,0,0,0,0,0.0,0/0,0,0,0,0,0,0
658,Brad Knighton,2007,NE,GK,0,0,0,0,0,0,0.0,0/0,0,0,0,0,0,0
659,Chris Konopka,2007,KC,GK,0,0,0,0,0,0,0.0,0/0,0,0,0,0,0,0
660,Danny Cepero,2007,NY,GK,0,0,0,0,0,0,0.0,0/0,0,0,0,0,0,0
661,Doug Warren,2007,NE,GK,0,0,0,0,0,0,0.0,0/0,0,0,0,0,0,0
662,Eric Kronberg,2007,KC,GK,0,0,0,0,0,0,0.0,0/0,0,0,0,0,0,0
663,Jordan James,2007,HOU,GK,0,0,0,0,0,0,0.0,0/0,0,0,0,0,0,0
664,Justin Hughes,2007,COL,GK,0,0,0,0,0,0,0.0,0/0,0,0,0,0,0,0
665,Justin Myers,2007,CHV,GK,0,0,0,0,0,0,0.0,0/0,0,0,0,0,0,0
666,Kyle Reynish,2007,RSL,GK,0,0,0,0,0,0,0.0,0/0,0,0,0,0,0,0
667,Lance Friesz,2007,LA,GK,0,0,0,0,0,0,0.0,0/0,0,0,0,0,0,0
668,Matt Wideman,2007,RSL,GK,0,0,0,0,0,0,0.0,0/0,0,0,0,0,0,0
669,Nick Noble,2007,CHI,GK,0,0,0,0,0,0,0.0,0/0,0,0,0,0,0,0
670,Shawn Crowe,2007,DC,GK,0,0,0,0,0,0,0.0,0/0,0,0,0,0,0,0
671,Tomer Chencinski,2007,TOR,GK,0,0,0,0,0,0,0.0,0/0,0,0,0,0,0,0
672,Zach Thornton,2007,COL,GK,1,0,32,3,1,2,5.63,0/0,0,1,0,0,0,33
673,Joe Cannon,2008,SJ,GK,30,30,2700,166,124,38,1.27,3/5,8,13,9,9,27,75
674,Jon Busch,2008,CHI,GK,30,30,2700,156,122,33,1.1,0/1,13,10,7,10,43,78
675,Kevin Hartman,2008,KC,GK,30,30,2700,162,117,39,1.3,3/3,11,10,9,10,37,72
676,Nick Rimando,2008,RSL,GK,30,30,2700,140,96,39,1.3,4/4,10,10,10,8,33,69
677,William Hesmer,2008,CLB,GK,29,29,2610,132,97,33,1.14,2/5,17,6,6,10,59,73
678,Dario Sala,2008,DAL,GK,28,28,2520,131,92,37,1.32,1/1,8,8,12,7,29,70
679,Jon Conway,2008,NY,GK,28,28,2520,146,98,42,1.5,2/3,9,10,9,7,32,67
680,Matt Reis,2008,NE,GK,28,28,2485,150,107,38,1.38,3/4,11,11,6,6,39,71
681,Greg Sutton,2008,TOR,GK,24,24,2160,160,116,35,1.46,6/7,7,10,7,6,29,73
682,Pat Onstad,2008,HOU,GK,24,24,2098,105,76,24,1.03,0/1,10,4,9,7,42,72
683,Steve Cronin,2008,LA,GK,22,22,1935,141,92,44,2.05,3/3,6,9,6,2,27,65
684,Bouna Coundoul,2008,COL,GK,17,17,1530,77,54,21,1.24,3/3,6,8,3,5,35,70
685,Zach Wells,2008,DC,GK,17,17,1530,85,56,28,1.65,0/0,8,8,1,1,47,66
686,Brad Guzan,2008,CHV,GK,15,15,1350,71,48,20,1.33,1/1,6,5,4,4,40,68
687,Preston Burpo,2008,COL,GK,13,13,1170,63,37,24,1.85,1/2,5,6,2,3,38,59
688,Louis Crayton,2008,DC,GK,12,12,1080,64,43,19,1.58,0/0,3,6,3,4,25,67
689,Dan Kennedy,2008,CHV,GK,9,8,699,33,23,8,1.03,1/2,4,3,0,3,44,70
690,Zach Thornton,2008,CHV,GK,8,7,651,32,16,13,1.8,1/1,2,3,3,1,25,50
691,Brian Edwards,2008,TOR,GK,6,6,540,31,23,8,1.33,0/0,2,3,1,2,33,74
692,Tony Caig,2008,HOU,GK,7,6,602,36,24,8,1.2,0/0,3,1,3,3,43,67
693,Josh Wicks,2008,LA,GK,6,5,495,33,20,12,2.18,0/0,1,2,3,0,17,61
694,Josh Saunders,2008,LA,GK,3,3,270,13,8,6,2.0,1/1,1,2,0,0,33,62
695,Danny Cepero,2008,NY,GK,2,2,180,11,5,6,3.0,0/0,1,1,0,0,50,45
696,Doug Warren,2008,NE,GK,3,2,215,10,5,5,2.09,0/0,1,0,1,0,33,50
697,Ray Burse,2008,DAL,GK,2,2,180,16,12,4,2.0,1/1,0,2,0,0,0,75
698,Andy Gruenebaum,2008,CLB,GK,1,1,90,5,2,3,3.0,0/0,0,1,0,0,0,40
699,Jose Carvallo,2008,DC,GK,1,1,90,6,2,4,4.0,0/0,0,1,0,0,0,33
700,Andrew Kartunen,2008,KC,GK,0,0,0,0,0,0,0.0,0/0,0,0,0,0,0,0
701,Boris Pardo,2008,KC,GK,0,0,0,0,0,0,0.0,0/0,0,0,0,0,0,0
702,Brad Knighton,2008,NE,GK,0,0,0,0,0,0,0.0,0/0,0,0,0,0,0,0
703,Caleb Patterson-Sewell,2008,NY,GK,0,0,0,0,0,0,0.0,0/0,0,0,0,0,0,0
704,Charles Alamo,2008,LA,GK,0,0,0,0,0,0,0.0,0/0,0,0,0,0,0,0
705,Chris Seitz,2008,RSL,GK,0,0,0,0,0,0,0.0,0/0,0,0,0,0,0,0
706,Chris Sharpe,2008,COL,GK,0,0,0,0,0,0,0.0,0/0,0,0,0,0,0,0
707,Corbin Waller,2008,HOU,GK,0,0,0,0,0,0,0.0,0/0,0,0,0,0,0,0
708,Dan Benton,2008,SJ,GK,0,0,0,0,0,0,0.0,0/0,0,0,0,0,0,0
709,David Monsalve,2008,DAL,GK,0,0,0,0,0,0,0.0,0/0,0,0,0,0,0,0
710,Eric Kronberg,2008,KC,GK,0,0,0,0,0,0,0.0,0/0,0,0,0,0,0,0
711,James Thorpe,2008,DC,GK,0,0,0,0,0,0,0.0,0/0,0,0,0,0,0,0
712,Josh Lambo,2008,DAL,GK,0,0,0,0,0,0,0.0,0/0,0,0,0,0,0,0
713,Justin Hughes,2008,COL,GK,0,0,0,0,0,0,0.0,0/0,0,0,0,0,0,0
714,Kenny Schoeni,2008,CLB,GK,0,0,0,0,0,0,0.0,0/0,0,0,0,0,0,0
715,Kyle Reynish,2008,RSL,GK,0,0,0,0,0,0,0.0,0/0,0,0,0,0,0,0
716,Lance Parker,2008,CHV,GK,0,0,0,0,0,0,0.0,0/0,0,0,0,0,0,0
717,Michael Gustavson,2008,SJ,GK,0,0,0,0,0,0,0.0,0/0,0,0,0,0,0,0
718,Mike Graczyk,2008,DAL,GK,0,0,0,0,0,0,0.0,0/0,0,0,0,0,0,0
719,Nick Noble,2008,CHI,GK,0,0,0,0,0,0,0.0,0/0,0,0,0,0,0,0
720,Terry Boss,2008,NY,GK,0,0,0,0,0,0,0.0,0/0,0,0,0,0,0,0
721,Tyler Kettering,2008,CHI,GK,0,0,0,0,0,0,0.0,0/0,0,0,0,0,0,0
722,Vito Higgins,2008,LA,GK,0,0,0,0,0,0,0.0,0/0,0,0,0,0,0,0
723,Andy Gruenebaum,2008,CLB,GK,1,1,90,5,2,3,3.0,0/0,0,1,0,0,0,40
724,Jose Carvallo,2008,DC,GK,1,1,90,6,2,4,4.0,0/0,0,1,0,0,0,33
725,Andrew Kartunen,2008,KC,GK,0,0,0,0,0,0,0.0,0/0,0,0,0,0,0,0
726,Boris Pardo,2008,KC,GK,0,0,0,0,0,0,0.0,0/0,0,0,0,0,0,0
727,Brad Knighton,2008,NE,GK,0,0,0,0,0,0,0.0,0/0,0,0,0,0,0,0
728,Caleb Patterson-Sewell,2008,NY,GK,0,0,0,0,0,0,0.0,0/0,0,0,0,0,0,0
729,Charles Alamo,2008,LA,GK,0,0,0,0,0,0,0.0,0/0,0,0,0,0,0,0
730,Chris Seitz,2008,RSL,GK,0,0,0,0,0,0,0.0,0/0,0,0,0,0,0,0
731,Chris Sharpe,2008,COL,GK,0,0,0,0,0,0,0.0,0/0,0,0,0,0,0,0
732,Corbin Waller,2008,HOU,GK,0,0,0,0,0,0,0.0,0/0,0,0,0,0,0,0
733,Dan Benton,2008,SJ,GK,0,0,0,0,0,0,0.0,0/0,0,0,0,0,0,0
734,David Monsalve,2008,DAL,GK,0,0,0,0,0,0,0.0,0/0,0,0,0,0,0,0
735,Eric Kronberg,2008,KC,GK,0,0,0,0,0,0,0.0,0/0,0,0,0,0,0,0
736,James Thorpe,2008,DC,GK,0,0,0,0,0,0,0.0,0/0,0,0,0,0,0,0
737,Josh Lambo,2008,DAL,GK,0,0,0,0,0,0,0.0,0/0,0,0,0,0,0,0
738,Justin Hughes,2008,COL,GK,0,0,0,0,0,0,0.0,0/0,0,0,0,0,0,0
739,Kenny Schoeni,2008,CLB,GK,0,0,0,0,0,0,0.0,0/0,0,0,0,0,0,0
740,Kyle Reynish,2008,RSL,GK,0,0,0,0,0,0,0.0,0/0,0,0,0,0,0,0
741,Lance Parker,2008,CHV,GK,0,0,0,0,0,0,0.0,0/0,0,0,0,0,0,0
742,Michael Gustavson,2008,SJ,GK,0,0,0,0,0,0,0.0,0/0,0,0,0,0,0,0
743,Mike Graczyk,2008,DAL,GK,0,0,0,0,0,0,0.0,0/0,0,0,0,0,0,0
744,Nick Noble,2008,CHI,GK,0,0,0,0,0,0,0.0,0/0,0,0,0,0,0,0
745,Terry Boss,2008,NY,GK,0,0,0,0,0,0,0.0,0/0,0,0,0,0,0,0
746,Tyler Kettering,2008,CHI,GK,0,0,0,0,0,0,0.0,0/0,0,0,0,0,0,0
747,Vito Higgins,2008,LA,GK,0,0,0,0,0,0,0.0,0/0,0,0,0,0,0,0
748,Jon Busch,2009,CHI,GK,30,30,2700,136,103,34,1.13,5/5,11,7,12,10,37,76
749,Kevin Hartman,2009,KC,GK,30,30,2700,153,105,42,1.4,3/4,8,13,9,7,27,69
750,Pat Onstad,2009,HOU,GK,30,30,2700,121,89,29,0.97,2/4,13,8,9,10,43,74
751,Kasey Keller,2009,SEA,GK,29,29,2549,108,78,26,0.92,1/3,12,5,11,10,41,72
752,Joe Cannon,2009,SJ,GK,28,28,2520,147,97,47,1.68,3/3,6,14,8,3,21,66
753,Zach Thornton,2009,CHV,GK,27,27,2385,111,83,23,0.87,2/2,12,9,6,12,44,75
754,Donovan Ricketts,2009,LA,GK,26,26,2274,112,82,26,1.03,4/5,10,5,10,9,38,73
755,Nick Rimando,2009,RSL,GK,26,26,2285,108,73,29,1.14,0/2,10,10,6,9,38,68
756,Stefan Frei,2009,TOR,GK,26,26,2295,141,98,38,1.49,3/4,9,9,7,5,35,70
757,Matt Reis,2009,NE,GK,24,24,2160,140,114,23,0.96,2/3,10,8,6,8,42,81
758,Josh Wicks,2009,DC,GK,19,19,1672,104,78,26,1.4,4/5,5,5,8,5,26,75
759,Matt Pickens,2009,COL,GK,19,19,1710,63,39,22,1.16,4/4,9,6,4,7,47,62
760,William Hesmer,2009,CLB,GK,19,19,1710,86,68,18,0.95,0/0,9,4,6,7,47,79
761,Ray Burse,2009,DAL,GK,17,16,1503,92,62,27,1.62,2/2,4,8,5,1,24,67
762,Dario Sala,2009,DAL,GK,14,14,1195,63,43,20,1.51,2/2,7,5,1,4,50,68
763,Danny Cepero,2009,NY,GK,13,13,1088,85,62,21,1.74,0/1,2,8,3,0,15,73
764,Preston Burpo,2009,COL,GK,11,11,990,41,23,16,1.45,1/1,1,4,6,1,9,56
765,Andy Gruenebaum,2009,CLB,GK,10,10,900,36,21,12,1.2,1/2,4,2,4,1,40,58
766,Jon Conway,2009,CHV,GK,9,9,810,51,33,16,1.78,4/4,1,7,1,1,11,65
767,Bouna Coundoul,2009,NY,GK,8,8,720,46,32,10,1.25,1/2,2,4,2,2,25,70
768,Brad Knighton,2009,NE,GK,6,6,540,49,36,14,2.33,0/0,1,2,3,0,17,73
769,Louis Crayton,2009,DC,GK,6,6,540,31,21,8,1.33,0/0,2,1,3,1,33,68
770,Chris Seitz,2009,RSL,GK,4,4,360,20,13,5,1.25,1/1,1,2,1,1,25,65
771,Josh Saunders,2009,LA,GK,6,4,426,18,12,5,1.06,1/1,2,1,2,2,33,67
772,Brian Edwards,2009,TOR,GK,3,3,270,17,11,6,2.0,1/1,1,1,1,1,33,65
773,Josh Saunders,2009,LA,GK,6,4,426,18,12,5,1.06,1/1,2,1,2,2,33,67
774,Brian Edwards,2009,TOR,GK,3,3,270,17,11,6,2.0,1/1,1,1,1,1,33,65
775,Lance Parker,2009,CHV,GK,4,3,315,19,11,8,2.29,1/1,1,2,0,1,25,58
776,Milos Kocic,2009,DC,GK,4,3,308,16,9,8,2.34,0/0,1,2,1,0,25,56
777,Andrew Weber,2009,SJ,GK,2,2,180,17,11,3,1.5,0/0,1,0,1,0,50,65
778,Steve Cronin,2009,DC,GK,2,2,180,12,9,2,1.0,1/1,1,0,1,1,50,75
779,Chris Eylander,2009,SEA,GK,1,1,90,3,1,2,2.0,0/0,0,1,0,0,0,33
780,Greg Sutton,2009,TOR,GK,2,1,135,5,3,2,1.33,0/0,0,1,1,0,0,60
781,Kenny Schoeni,2009,CLB,GK,1,1,90,5,4,1,1.0,0/0,0,1,0,0,0,80
782,Alec Dufty,2009,NY,GK,1,0,82,2,2,0,0.0,0/0,0,0,0,0,0,100
783,Andrew Dykstra,2009,CHI,GK,0,0,0,0,0,0,0.0,0/0,0,0,0,0,0,0
784,Ben Dragavon,2009,SEA,GK,1,0,61,3,2,1,1.48,0/0,0,1,0,0,0,67
785,Bobby Shuttleworth,2009,NE,GK,0,0,0,0,0,0,0.0,0/0,0,0,0,0,0,0
786,Boris Pardo,2009,KC,GK,0,0,0,0,0,0,0.0,0/0,0,0,0,0,0,0
787,Dan Kennedy,2009,CHV,GK,0,0,0,0,0,0,0.0,0/0,0,0,0,0,0,0
788,Eric Kronberg,2009,KC,GK,0,0,0,0,0,0,0.0,0/0,0,0,0,0,0,0
789,Josh Lambo,2009,DAL,GK,0,0,0,0,0,0,0.0,0/0,0,0,0,0,0,0
790,Kyle Reynish,2009,RSL,GK,1,0,55,2,1,1,1.64,0/0,0,0,0,0,0,50
791,Mike Graczyk,2009,SJ,GK,0,0,0,0,0,0,0.0,0/0,0,0,0,0,0,0
792,Nick Noble,2009,CHI,GK,0,0,0,0,0,0,0.0,0/0,0,0,0,0,0,0
793,Steward Ceus,2009,COL,GK,0,0,0,0,0,0,0.0,0/0,0,0,0,0,0,0
794,Tally Hall,2009,HOU,GK,0,0,0,0,0,0,0.0,0/0,0,0,0,0,0,0
795,Terry Boss,2009,SEA,GK,0,0,0,0,0,0,0.0,0/0,0,0,0,0,0,0
796,Tyler Deric,2009,HOU,GK,0,0,0,0,0,0,0.0,0/0,0,0,0,0,0,0
797,Zack Simmons,2009,NE,GK,0,0,0,0,0,0,0.0,0/0,0,0,0,0,0,0
798,Kasey Keller,2010,SEA,GK,30,30,2655,119,82,34,1.15,4/5,14,10,5,11,47,69
799,William Hesmer,2010,CLB,GK,30,30,2695,122,84,33,1.1,4/4,14,8,8,11,47,69
800,Donovan Ricketts,2010,LA,GK,29,29,2610,104,79,26,0.9,1/1,18,7,4,11,62,76
801,Jimmy Nielsen,2010,KC,GK,29,29,2610,114,80,34,1.17,1/1,10,13,6,10,34,70
802,Matt Pickens,2010,COL,GK,29,29,2610,120,88,32,1.1,4/4,11,8,10,7,38,73
803,Stefan Frei,2010,TOR,GK,28,28,2520,153,108,37,1.32,6/6,8,13,7,8,29,71
804,Bouna Coundoul,2010,NY,GK,27,27,2430,134,105,28,1.04,1/2,14,8,5,11,52,78
805,Nick Rimando,2010,RSL,GK,27,27,2430,100,78,18,0.67,4/4,15,4,8,14,56,78
806,Pat Onstad,2010,HOU,GK,23,23,2070,90,49,40,1.74,0/0,6,12,5,4,26,54
807,Zach Thornton,2010,CHV,GK,23,23,2015,97,63,33,1.47,3/3,6,12,3,6,26,65
808,Chris Seitz,2010,PHI,GK,23,22,2047,114,68,41,1.8,4/5,5,12,6,0,22,60
809,Troy Perkins,2010,DC,GK,22,22,1980,109,72,37,1.68,2/3,3,15,4,5,14,66
810,Kevin Hartman,2010,DAL,GK,20,20,1755,71,56,12,0.62,1/2,10,1,8,9,50,79
811,Jon Busch,2010,SJ,GK,18,18,1620,104,81,19,1.06,0/0,7,6,5,7,39,78
812,Andrew Dykstra,2010,CHI,GK,17,17,1530,80,55,21,1.24,2/2,5,6,6,5,29,69
813,Matt Reis,2010,NE,GK,14,14,1260,79,51,25,1.79,2/3,4,7,3,3,29,65
814,Sean Johnson,2010,CHI,GK,13,13,1170,69,52,17,1.31,4/5,4,6,3,3,31,75
815,Joe Cannon,2010,SJ,GK,12,12,1080,55,38,14,1.17,0/0,6,4,2,6,50,69
816,Preston Burpo,2010,NE,GK,11,11,939,65,48,16,1.53,0/0,2,6,2,2,18,74
817,Dario Sala,2010,DAL,GK,11,10,945,50,34,16,1.52,1/2,2,3,6,1,18,68
818,Bill Hamid,2010,DC,GK,8,8,720,31,20,10,1.25,0/0,3,5,0,1,38,65
819,Brad Knighton,2010,PHI,GK,8,8,652,33,23,8,1.1,0/0,3,3,1,2,38,70
820,Dan Kennedy,2010,CHV,GK,7,6,594,31,22,8,1.21,0/0,2,4,1,0,29,71
821,Bobby Shuttleworth,2010,NE,GK,6,5,501,27,18,9,1.62,0/0,3,3,0,1,50,67
822,Tally Hall,2010,HOU,GK,5,5,450,26,18,8,1.6,0/0,1,3,1,1,20,69
823,Bobby Shuttleworth,2010,NE,GK,6,5,501,27,18,9,1.62,0/0,3,3,0,1,50,67
824,Tally Hall,2010,HOU,GK,5,5,450,26,18,8,1.6,0/0,1,3,1,1,20,69
825,Greg Sutton,2010,NY,GK,3,3,270,10,9,1,0.33,0/0,1,1,1,2,33,90
826,Kyle Reynish,2010,RSL,GK,3,3,270,13,11,2,0.67,0/0,0,0,3,1,0,85
827,Tyler Deric,2010,HOU,GK,2,2,180,9,8,1,0.5,0/0,2,0,0,1,100,89
828,Eric Kronberg,2010,KC,GK,1,1,90,4,3,1,1.0,0/0,1,0,0,0,100,75
829,Ian Joyce,2010,COL,GK,1,1,90,4,4,0,0.0,0/0,1,0,0,1,100,100
830,Jon Conway,2010,TOR,GK,1,1,72,2,2,1,1.25,0/0,0,0,0,0,0,100
831,Josh Saunders,2010,LA,GK,1,1,90,1,1,0,0.0,0/0,0,0,1,1,0,100
832,Kevin Guppy,2010,CHV,GK,1,1,90,9,6,3,3.0,1/1,0,1,0,0,0,67
833,Milos Kocic,2010,TOR,GK,2,1,107,8,5,3,2.52,1/1,1,0,1,0,50,63
834,Andrew Quinn,2010,DC,GK,0,0,0,0,0,0,0.0,0/0,0,0,0,0,0,0
835,Andrew Weber,2010,SJ,GK,0,0,0,0,0,0,0.0,0/0,0,0,0,0,0,0
836,Andy Gruenebaum,2010,CLB,GK,0,0,0,0,0,0,0.0,0/0,0,0,0,0,0,0
837,Brian Perk,2010,LA,GK,0,0,0,0,0,0,0.0,0/0,0,0,0,0,0,0
838,Dario Delgado,2010,CHV,D,1,0,1,1,0,1,90.0,1/1,0,1,0,0,0,0
839,Eddie Gaven,2010,CLB,M,1,0,5,3,2,1,18.0,0/0,0,0,0,0,0,67
840,Jon Kempin,2010,KC,GK,0,0,0,0,0,0,0.0,0/0,0,0,0,0,0,0
841,Josh Lambo,2010,DAL,GK,0,0,0,0,0,0,0.0,0/0,0,0,0,0,0,0
842,Josh Wicks,2010,DC,GK,0,0,0,0,0,0,0.0,0/0,0,0,0,0,0,0
843,Kenny Schoeni,2010,CLB,GK,0,0,0,0,0,0,0.0,0/0,0,0,0,0,0,0
844,Steward Ceus,2010,COL,GK,0,0,0,0,0,0,0.0,0/0,0,0,0,0,0,0
845,Terry Boss,2010,SEA,GK,1,0,45,2,1,1,2.0,1/1,0,0,1,0,0,50
846,Tim Melia,2010,RSL,GK,0,0,0,0,0,0,0.0,0/0,0,0,0,0,0,0
847,Tim Murray,2010,NE,GK,0,0,0,0,0,0,0.0,0/0,0,0,0,0,0,0
848,Kasey Keller,2011,SEA,GK,34,34,3060,145,110,37,1.09,3/4,18,7,9,9,53,76
849,Matt Pickens,2011,COL,GK,34,34,3060,117,77,41,1.21,2/2,12,9,13,8,35,66
850,Tally Hall,2011,HOU,GK,34,34,3060,143,99,41,1.21,5/5,12,9,13,6,35,69
851,Jon Busch,2011,SJ,GK,33,33,2970,160,113,44,1.33,4/4,7,12,14,7,21,71
852,Kevin Hartman,2011,DAL,GK,33,33,2970,124,85,35,1.06,3/3,15,11,7,13,45,69
853,Nick Rimando,2011,RSL,GK,33,33,2970,134,95,36,1.09,5/7,14,11,8,13,42,71
854,Dan Kennedy,2011,CHV,GK,32,32,2880,142,100,39,1.22,2/4,8,12,12,9,25,70
855,William Hesmer,2011,CLB,GK,32,32,2880,135,92,44,1.38,3/4,11,13,8,8,34,68
856,Jimmy Nielsen,2011,KC,GK,31,31,2767,114,79,35,1.14,1/2,12,8,11,7,39,69
857,Troy Perkins,2011,POR,GK,29,29,2610,132,91,38,1.31,5/5,9,12,8,9,31,69
858,Bill Hamid,2011,DC,GK,28,28,2392,114,77,37,1.39,4/4,7,9,10,7,25,68
859,Sean Johnson,2011,CHI,GK,28,28,2520,115,76,37,1.32,2/4,9,7,12,7,32,66
860,Faryd Mondragon,2011,PHI,GK,27,27,2385,79,49,28,1.06,2/2,8,8,11,7,30,62
861,Matt Reis,2011,NE,GK,27,27,2430,159,111,43,1.59,6/7,5,12,10,5,19,70
862,Stefan Frei,2011,TOR,GK,27,27,2406,155,106,49,1.83,4/4,3,12,11,6,11,68
863,Joe Cannon,2011,VAN,GK,20,20,1800,99,66,32,1.6,3/3,4,12,4,3,20,67
864,Josh Saunders,2011,LA,GK,19,18,1639,73,55,17,0.93,2/2,12,2,4,8,63,75
865,Donovan Ricketts,2011,LA,GK,15,15,1284,54,41,11,0.77,1/1,7,3,4,7,47,76
866,Jay Nolly,2011,VAN,GK,14,14,1260,63,39,23,1.64,3/4,2,6,6,2,14,62
867,Bouna Coundoul,2011,NY,GK,12,11,1035,51,37,13,1.13,1/1,3,2,6,3,25,73
868,Frank Rost,2011,NY,GK,11,11,945,40,26,14,1.33,0/0,4,4,3,5,36,65
869,Greg Sutton,2011,NY,GK,10,10,900,44,30,15,1.5,2/5,3,2,5,2,30,68
870,Bobby Shuttleworth,2011,NE,GK,7,7,630,32,17,15,2.14,1/1,0,4,3,0,0,53
871,Milos Kocic,2011,TOR,GK,8,7,654,47,35,10,1.38,0/0,3,1,4,1,38,74
872,Zac MacMath,2011,PHI,GK,8,7,675,25,16,8,1.07,1/1,3,0,4,3,38,64
873,Jon Conway,2011,CHI,GK,6,6,540,24,15,8,1.33,0/0,0,2,4,1,0,63
874,Eric Kronberg,2011,KC,GK,4,3,292,15,10,5,1.54,1/1,1,1,1,1,25,67
875,Jake Gleeson,2011,POR,GK,4,3,315,17,12,6,1.71,0/0,2,0,1,0,50,71
876,Joe Willis,2011,DC,GK,3,3,270,16,12,4,1.33,0/0,1,2,0,1,33,75
877,Pat Onstad,2011,DC,GK,3,3,270,16,8,7,2.33,2/2,1,2,0,0,33,50
878,Adin Brown,2011,POR,GK,2,2,135,9,5,4,2.67,0/0,0,2,0,0,0,56
879,Andy Gruenebaum,2011,CLB,GK,2,2,180,5,5,0,0.0,0/0,2,0,0,2,100,100
880,Zach Thornton,2011,CHV,GK,2,2,180,7,3,4,2.0,0/0,0,2,0,0,0,43
881,Alex Horwath,2011,NY,GK,1,1,90,4,4,0,0.0,0/0,0,0,1,1,0,100
882,Brian Perk,2011,LA,GK,1,1,90,2,2,0,0.0,0/1,0,0,1,1,0,100
883,Chris Konopka,2011,NY,GK,1,1,90,4,2,2,2.0,0/0,0,0,1,0,0,50
884,Chris Seitz,2011,DAL,GK,1,1,90,9,5,4,4.0,1/1,0,1,0,0,0,56
885,David Bingham,2011,SJ,GK,1,1,90,5,4,1,1.0,0/0,1,0,0,0,100,80
886,Kyle Reynish,2011,RSL,GK,1,1,90,2,2,0,0.0,0/0,1,0,0,1,100,100
887,Alec Dufty,2011,CHI,GK,0,0,0,0,0,0,0.0,0/0,0,0,0,0,0,0
888,Alex Riggs,2011,CLB,GK,0,0,0,0,0,0,0.0,0/0,0,0,0,0,0,0
889,Andrew Weber,2011,SJ,GK,0,0,0,0,0,0,0.0,0/0,0,0,0,0,0,0
890,Brian Sylvestre,2011,VAN,GK,0,0,0,0,0,0,0.0,0/0,0,0,0,0,0,0
891,Bryan Meredith,2011,SEA,GK,0,0,0,0,0,0,0.0,0/0,0,0,0,0,0,0
892,Chase Harrison,2011,PHI,GK,0,0,0,0,0,0,0.0,0/0,0,0,0,0,0,0
893,Evan Newton,2011,HOU,GK,0,0,0,0,0,0,0.0,0/0,0,0,0,0,0,0
894,Ian Joyce,2011,COL,GK,0,0,0,0,0,0,0.0,0/0,0,0,0,0,0,0
895,Jon Kempin,2011,KC,GK,0,0,0,0,0,0,0.0,0/0,0,0,0,0,0,0
896,Josh Ford,2011,SEA,GK,0,0,0,0,0,0,0.0,0/0,0,0,0,0,0,0
897,Josh Lambo,2011,DAL,GK,0,0,0,0,0,0,0.0,0/0,0,0,0,0,0,0
898,Chris Konopka,2011,NY,GK,1,1,90,4,2,2,2.0,0/0,0,0,1,0,0,50
899,Chris Seitz,2011,DAL,GK,1,1,90,9,5,4,4.0,1/1,0,1,0,0,0,56
900,David Bingham,2011,SJ,GK,1,1,90,5,4,1,1.0,0/0,1,0,0,0,100,80
901,Kyle Reynish,2011,RSL,GK,1,1,90,2,2,0,0.0,0/0,1,0,0,1,100,100
902,Alec Dufty,2011,CHI,GK,0,0,0,0,0,0,0.0,0/0,0,0,0,0,0,0
903,Alex Riggs,2011,CLB,GK,0,0,0,0,0,0,0.0,0/0,0,0,0,0,0,0
904,Andrew Weber,2011,SJ,GK,0,0,0,0,0,0,0.0,0/0,0,0,0,0,0,0
905,Brian Sylvestre,2011,VAN,GK,0,0,0,0,0,0,0.0,0/0,0,0,0,0,0,0
906,Bryan Meredith,2011,SEA,GK,0,0,0,0,0,0,0.0,0/0,0,0,0,0,0,0
907,Chase Harrison,2011,PHI,GK,0,0,0,0,0,0,0.0,0/0,0,0,0,0,0,0
908,Evan Newton,2011,HOU,GK,0,0,0,0,0,0,0.0,0/0,0,0,0,0,0,0
909,Ian Joyce,2011,COL,GK,0,0,0,0,0,0,0.0,0/0,0,0,0,0,0,0
910,Jon Kempin,2011,KC,GK,0,0,0,0,0,0,0.0,0/0,0,0,0,0,0,0
911,Josh Ford,2011,SEA,GK,0,0,0,0,0,0,0.0,0/0,0,0,0,0,0,0
912,Josh Lambo,2011,DAL,GK,0,0,0,0,0,0,0.0,0/0,0,0,0,0,0,0
913,Mike Magee,2011,LA,F,1,0,45,3,3,0,0.0,0/0,0,0,1,0,0,100
914,Richard Sanchez,2011,DAL,GK,0,0,0,0,0,0,0.0,0/0,0,0,0,0,0,0
915,Sergio Arias,2011,CHV,GK,0,0,0,0,0,0,0.0,0/0,0,0,0,0,0,0
916,Steve Cronin,2011,DC,GK,2,0,126,10,6,4,2.86,0/0,0,0,2,0,0,60
917,Steward Ceus,2011,COL,GK,0,0,0,0,0,0,0.0,0/0,0,0,0,0,0,0
918,Terry Boss,2011,SEA,GK,0,0,0,0,0,0,0.0,0/0,0,0,0,0,0,0
919,Thorne Holder,2011,PHI,GK,0,0,0,0,0,0,0.0,0/0,0,0,0,0,0,0
920,Tim Melia,2011,RSL,GK,0,0,0,0,0,0,0.0,0/0,0,0,0,0,0,0
921,Tim Murray,2011,NE,GK,0,0,0,0,0,0,0.0,0/0,0,0,0,0,0,0
922,Tyler Deric,2011,HOU,GK,0,0,0,0,0,0,0.0,0/0,0,0,0,0,0,0
923,Jimmy Nielsen,2012,KC,GK,34,34,3060,102,77,27,0.79,3/4,18,7,9,15,53,75
924,Andy Gruenebaum,2012,CLB,GK,33,33,2920,166,124,41,1.26,3/4,13,12,7,8,39,75
925,Donovan Ricketts,2012,POR,GK,33,33,2913,143,87,52,1.61,8/8,12,14,5,5,36,61
926,Tally Hall,2012,HOU,GK,33,33,2946,129,88,39,1.19,5/5,14,8,11,12,42,68
927,Dan Kennedy,2012,CHV,GK,32,32,2880,167,109,54,1.69,2/2,7,17,8,7,22,65
928,Jon Busch,2012,SJ,GK,32,32,2835,123,77,40,1.27,4/5,17,5,9,7,53,63
929,Matt Pickens,2012,COL,GK,32,32,2859,155,107,49,1.54,1/2,9,19,4,7,28,69
930,Zac MacMath,2012,PHI,GK,32,32,2880,139,93,43,1.34,3/4,10,17,5,8,31,67
931,Nick Rimando,2012,RSL,GK,31,31,2790,116,83,33,1.06,2/4,16,11,4,12,52,72
932,Sean Johnson,2012,CHI,GK,31,31,2766,143,108,38,1.24,2/3,16,10,5,5,52,76
933,Troy Perkins,2012,MTL,GK,31,31,2767,148,101,43,1.4,4/4,8,14,8,7,26,68
934,Kevin Hartman,2012,DAL,GK,30,30,2700,148,98,42,1.4,2/5,9,11,10,6,30,66
935,Josh Saunders,2012,LA,GK,27,27,2430,118,80,36,1.33,0/1,16,7,4,9,59,68
936,Matt Reis,2012,NE,GK,27,27,2430,133,92,39,1.44,3/3,6,14,7,6,22,69
937,Milos Kocic,2012,TOR,GK,27,27,2430,129,82,47,1.74,0/1,5,16,6,3,19,64
938,Joe Cannon,2012,VAN,GK,26,26,2277,109,73,34,1.34,2/2,8,10,7,8,31,67
939,Bill Hamid,2012,DC,GK,24,24,2087,113,88,24,1.03,1/1,13,6,4,8,54,78
940,Michael Gspurning,2012,SEA,GK,21,21,1845,77,59,15,0.73,2/2,12,4,5,8,57,77
941,Ryan Meara,2012,NY,GK,18,18,1620,90,59,27,1.5,1/1,9,5,4,3,50,66
942,Bill Gaudette,2012,NY,GK,15,15,1350,62,38,20,1.33,1/1,5,5,5,3,33,61
943,Bryan Meredith,2012,SEA,GK,12,10,990,36,20,14,1.27,0/0,3,3,5,3,25,56
944,Joe Willis,2012,DC,GK,11,10,972,50,31,19,1.76,2/2,4,4,3,2,36,62
945,Brad Knighton,2012,VAN,GK,10,8,782,36,27,7,0.81,0/1,3,3,3,3,30,75
946,Bobby Shuttleworth,2012,NE,GK,7,7,630,29,23,5,0.71,0/0,3,3,1,3,43,79
947,Freddy Hall,2012,TOR,GK,7,7,630,42,27,15,2.14,1/1,0,5,2,1,0,64
948,Brian Perk,2012,LA,GK,4,4,360,13,7,7,1.75,2/2,0,3,1,0,0,54
949,Chris Seitz,2012,DAL,GK,4,4,360,15,10,5,1.25,0/1,0,2,2,0,0,67
950,Luis Robles,2012,NY,GK,4,4,360,12,9,3,0.75,0/0,2,1,1,2,50,75
951,Andrew Weber,2012,SEA,GK,3,3,225,9,5,4,1.6,0/0,0,1,1,0,0,56
952,Joe Bendik,2012,POR,GK,5,3,326,21,11,8,2.21,2/2,0,2,3,0,0,52
953,Kyle Reynish,2012,RSL,GK,3,3,270,8,6,2,0.67,0/0,1,0,2,2,33,75
954,Paolo Tornaghi,2012,CHI,GK,3,3,270,17,14,3,1.0,0/0,1,1,1,1,33,82
955,David Bingham,2012,SJ,GK,3,2,225,12,8,3,1.2,0/0,2,1,0,0,67,67
956,Steward Ceus,2012,COL,GK,3,2,201,5,4,1,0.45,0/0,2,0,0,2,67,80
957,Tim Melia,2012,CHV,GK,2,2,180,13,9,4,2.0,0/0,0,1,1,0,0,69
958,Chase Harrison,2012,PHI,GK,1,1,90,3,2,1,1.0,0/0,0,0,1,0,0,67
959,Chris Konopka,2012,PHI,GK,1,1,90,7,6,1,1.0,0/0,0,1,0,0,0,86
960,Evan Bush,2012,MTL,GK,1,1,90,7,4,3,3.0,0/0,0,1,0,0,0,57
961,Matt Lampson,2012,CLB,GK,3,1,140,10,7,3,1.93,1/1,2,0,0,0,67,70
962,Tyler Deric,2012,HOU,GK,1,1,90,9,7,2,2.0,0/0,0,1,0,0,0,78
963,Andrew Dykstra,2012,DC,GK,0,0,0,0,0,0,0.0,0/0,0,0,0,0,0,0
964,Brian Rowe,2012,LA,GK,0,0,0,0,0,0,0.0,0/0,0,0,0,0,0,0
965,Brian Sylvestre,2012,VAN,GK,0,0,0,0,0,0,0.0,0/0,0,0,0,0,0,0
966,Eduardo Fernandez,2012,RSL,GK,0,0,0,0,0,0,0.0,0/0,0,0,0,0,0,0
967,Eric Kronberg,2012,KC,GK,0,0,0,0,0,0,0.0,0/0,0,0,0,0,0,0
968,Erich Marscheider,2012,HOU,GK,0,0,0,0,0,0,0.0,0/0,0,0,0,0,0,0
969,Evan Newton,2012,SJ,GK,0,0,0,0,0,0,0.0,0/0,0,0,0,0,0,0
970,Fernando Cardenas,2012,NE,F,0,0,0,0,0,0,0.0,0/0,0,0,0,0,0,0
971,Greg Sutton,2012,MTL,GK,1,0,24,1,0,1,3.75,0/0,0,1,0,0,0,0
972,Ian Joyce,2012,COL,GK,0,0,0,0,0,0,0.0,0/0,0,0,0,0,0,0
973,Andrew Dykstra,2012,DC,GK,0,0,0,0,0,0,0.0,0/0,0,0,0,0,0,0
974,Brian Rowe,2012,LA,GK,0,0,0,0,0,0,0.0,0/0,0,0,0,0,0,0
975,Brian Sylvestre,2012,VAN,GK,0,0,0,0,0,0,0.0,0/0,0,0,0,0,0,0
976,Eduardo Fernandez,2012,RSL,GK,0,0,0,0,0,0,0.0,0/0,0,0,0,0,0,0
977,Eric Kronberg,2012,KC,GK,0,0,0,0,0,0,0.0,0/0,0,0,0,0,0,0
978,Erich Marscheider,2012,HOU,GK,0,0,0,0,0,0,0.0,0/0,0,0,0,0,0,0
979,Evan Newton,2012,SJ,GK,0,0,0,0,0,0,0.0,0/0,0,0,0,0,0,0
980,Fernando Cardenas,2012,NE,F,0,0,0,0,0,0,0.0,0/0,0,0,0,0,0,0
981,Greg Sutton,2012,MTL,GK,1,0,24,1,0,1,3.75,0/0,0,1,0,0,0,0
982,Ian Joyce,2012,COL,GK,0,0,0,0,0,0,0.0,0/0,0,0,0,0,0,0
983,Jake Gleeson,2012,POR,GK,0,0,0,0,0,0,0.0,0/0,0,0,0,0,0,0
984,Jay Nolly,2012,CHI,GK,0,0,0,0,0,0,0.0,0/0,0,0,0,0,0,0
985,Jeremy Vuolo,2012,NY,GK,0,0,0,0,0,0,0.0,0/0,0,0,0,0,0,0
986,Joao Plata,2012,TOR,F,0,0,0,0,0,0,0.0,0/0,0,0,0,0,0,0
987,Jon Kempin,2012,KC,GK,0,0,0,0,0,0,0.0,0/0,0,0,0,0,0,0
988,Josh Ford,2012,SEA,GK,0,0,0,0,0,0,0.0,0/0,0,0,0,0,0,0
989,Marcus Hahnemann,2012,SEA,GK,0,0,0,0,0,0,0.0,0/0,0,0,0,0,0,0
990,Patrick McLain,2012,CHV,GK,0,0,0,0,0,0,0.0,0/0,0,0,0,0,0,0
991,Quillan Roberts,2012,TOR,GK,0,0,0,0,0,0,0.0,0/0,0,0,0,0,0,0
992,Ramiro Corrales,2012,SJ,M,0,0,0,0,0,0,0.0,0/0,0,0,0,0,0,0
993,Richard Sanchez,2012,DAL,GK,0,0,0,0,0,0,0.0,0/0,0,0,0,0,0,0
994,Scott Angevine,2012,KC,GK,0,0,0,0,0,0,0.0,0/0,0,0,0,0,0,0
995,Stefan Frei,2012,TOR,GK,0,0,0,0,0,0,0.0,0/0,0,0,0,0,0,0
996,Tim Murray,2012,NE,GK,0,0,0,0,0,0,0.0,0/0,0,0,0,0,0,0
997,William Hesmer,2012,CLB,GK,0,0,0,0,0,0,0.0,0/0,0,0,0,0,0,0
998,Jimmy Nielsen,2013,KC,GK,34,34,3060,100,68,30,0.88,1/1,17,10,7,13,50,68
999,Luis Robles,2013,NY,GK,34,34,3060,147,103,41,1.21,7/10,17,9,8,11,50,70
1000,Tally Hall,2013,HOU,GK,34,34,3060,141,95,41,1.21,2/4,14,11,9,9,41,67
1001,Zac MacMath,2013,PHI,GK,34,34,3060,147,101,44,1.29,1/1,12,12,10,12,35,69
1002,Jon Busch,2013,SJ,GK,33,33,2970,142,101,41,1.24,3/3,13,11,9,9,39,71
1003,Joe Bendik,2013,TOR,GK,33,33,2970,139,90,46,1.39,2/2,6,16,11,4,18,65
1004,Troy Perkins,2013,MTL,GK,33,33,2970,158,109,48,1.45,4/6,14,12,7,8,42,69
1005,Donovan Ricketts,2013,POR,GK,32,32,2880,126,92,31,0.97,4/5,13,5,14,14,41,73
1006,Clint Irwin,2013,COL,GK,32,31,2873,132,91,35,1.1,6/8,14,9,9,10,44,69
1007,Dan Kennedy,2013,CHV,GK,31,31,2754,166,104,54,1.76,3/4,6,17,8,3,19,63
1008,Michael Gspurning,2013,SEA,GK,28,28,2475,114,76,35,1.27,2/2,12,9,6,10,43,67
1009,Sean Johnson,2013,CHI,GK,28,28,2520,132,93,39,1.39,3/4,12,10,6,6,43,70
1010,Nick Rimando,2013,RSL,GK,27,27,2430,112,82,28,1.04,1/3,14,7,6,9,52,73
1011,Raul Fernandez,2013,DAL,GK,26,26,2340,129,88,41,1.58,2/3,7,10,9,7,27,68
1012,Bill Hamid,2013,DC,GK,25,25,2250,119,80,39,1.56,4/6,2,17,6,4,8,67
1013,Bobby Shuttleworth,2013,NE,GK,23,22,2063,96,64,30,1.31,3/3,7,11,5,9,30,67
1014,Andy Gruenebaum,2013,CLB,GK,21,21,1890,100,71,28,1.33,2/2,5,11,5,4,24,71
1015,Carlo Cudicini,2013,LA,GK,21,21,1890,68,39,27,1.29,0/1,9,8,4,7,43,57
1016,David Ousted,2013,VAN,GK,13,13,1170,54,37,16,1.23,1/1,4,5,4,4,31,69
1017,Matt Lampson,2013,CLB,GK,13,13,1170,63,43,18,1.38,3/3,7,6,0,5,54,68
1018,Matt Reis,2013,NE,GK,12,12,995,37,29,8,0.72,0/0,7,0,4,5,58,78
1019,Brad Knighton,2013,VAN,GK,11,11,990,50,35,15,1.36,2/2,6,3,2,2,55,70
1020,Joe Cannon,2013,VAN,GK,10,10,900,42,31,14,1.4,0/0,3,4,3,1,30,74
1021,Jaime Penedo,2013,LA,GK,9,9,810,31,24,7,0.78,0/0,4,1,4,4,44,77
1022,Joe Willis,2013,DC,GK,9,9,810,47,28,20,2.22,1/1,1,7,1,1,11,60
1023,Chris Seitz,2013,DAL,GK,8,8,720,36,24,11,1.38,0/0,4,2,2,2,50,67
1024,Paolo Tornaghi,2013,CHI,GK,6,6,540,24,12,13,2.17,0/0,2,3,1,0,33,50
1025,Brian Rowe,2013,LA,GK,4,4,360,19,14,4,1.0,0/0,2,2,0,2,50,74
1026,Jeff Attinella,2013,RSL,GK,5,4,399,24,14,9,2.03,3/3,1,2,1,1,20,58
1027,Marcus Hahnemann,2013,SEA,GK,4,4,360,10,6,4,1.0,0/0,2,2,0,1,50,60
1028,Josh Saunders,2013,RSL,GK,3,3,231,18,13,4,1.56,0/0,1,1,1,0,33,72
1029,Andrew Weber,2013,SEA,GK,3,2,225,8,5,3,1.2,0/0,1,1,1,0,33,63
1030,Matt Pickens,2013,COL,GK,2,2,97,4,2,2,1.86,0/0,0,1,0,0,0,50
1031,Milos Kocic,2013,POR,GK,2,2,180,10,7,2,1.0,0/0,1,0,1,1,50,70
1032,Tim Melia,2013,CHV,GK,2,2,180,15,8,7,3.5,1/1,0,2,0,0,0,53
1033,David Bingham,2013,SJ,GK,1,1,90,8,7,1,1.0,0/0,1,0,0,0,100,88
1034,Evan Bush,2013,MTL,GK,1,1,90,7,6,1,1.0,0/0,0,1,0,0,0,86
1035,Patrick McLain,2013,CHV,GK,2,1,124,10,4,6,4.35,1/1,0,1,0,0,0,40
1036,Stefan Frei,2013,TOR,GK,1,1,90,3,2,1,1.0,1/1,0,1,0,0,0,67
1037,Steward Ceus,2013,COL,GK,1,1,90,6,5,1,1.0,0/0,0,1,0,0,0,83
1038,Alec Kann,2013,CHI,GK,0,0,0,0,0,0,0.0,0/0,0,0,0,0,0,0
1039,Andrew Dykstra,2013,DC,GK,0,0,0,0,0,0,0.0,0/0,0,0,0,0,0,0
1040,Brian Perk,2013,LA,GK,0,0,0,0,0,0,0.0,0/0,0,0,0,0,0,0
1041,Chris Konopka,2013,TOR,GK,0,0,0,0,0,0,0.0,0/0,0,0,0,0,0,0
1042,Daniel Withrow,2013,CLB,GK,0,0,0,0,0,0,0.0,0/0,0,0,0,0,0,0
1043,Eduardo Fernandez,2013,RSL,GK,0,0,0,0,0,0,0.0,0/0,0,0,0,0,0,0
1044,Eric Kronberg,2013,KC,GK,0,0,0,0,0,0,0.0,0/0,0,0,0,0,0,0
1045,Erich Marscheider,2013,HOU,GK,0,0,0,0,0,0,0.0,0/0,0,0,0,0,0,0
1046,Evan Newton,2013,SJ,GK,0,0,0,0,0,0,0.0,0/0,0,0,0,0,0,0
1047,Jake Gleeson,2013,POR,GK,0,0,0,0,0,0,0.0,0/0,0,0,0,0,0,0
1048,Steward Ceus,2013,COL,GK,1,1,90,6,5,1,1.0,0/0,0,1,0,0,0,83
1049,Alec Kann,2013,CHI,GK,0,0,0,0,0,0,0.0,0/0,0,0,0,0,0,0
1050,Andrew Dykstra,2013,DC,GK,0,0,0,0,0,0,0.0,0/0,0,0,0,0,0,0
1051,Brian Perk,2013,LA,GK,0,0,0,0,0,0,0.0,0/0,0,0,0,0,0,0
1052,Chris Konopka,2013,TOR,GK,0,0,0,0,0,0,0.0,0/0,0,0,0,0,0,0
1053,Daniel Withrow,2013,CLB,GK,0,0,0,0,0,0,0.0,0/0,0,0,0,0,0,0
1054,Eduardo Fernandez,2013,RSL,GK,0,0,0,0,0,0,0.0,0/0,0,0,0,0,0,0
1055,Eric Kronberg,2013,KC,GK,0,0,0,0,0,0,0.0,0/0,0,0,0,0,0,0
1056,Erich Marscheider,2013,HOU,GK,0,0,0,0,0,0,0.0,0/0,0,0,0,0,0,0
1057,Evan Newton,2013,SJ,GK,0,0,0,0,0,0,0.0,0/0,0,0,0,0,0,0
1058,Jake Gleeson,2013,POR,GK,0,0,0,0,0,0,0.0,0/0,0,0,0,0,0,0
1059,Jesse Gonzalez,2013,DAL,GK,0,0,0,0,0,0,0.0,0/0,0,0,0,0,0,0
1060,Jon Kempin,2013,KC,GK,0,0,0,0,0,0,0.0,0/0,0,0,0,0,0,0
1061,Josh Ford,2013,SEA,GK,0,0,0,0,0,0,0.0,0/0,0,0,0,0,0,0
1062,Kevin Hartman,2013,NY,GK,0,0,0,0,0,0,0.0,0/0,0,0,0,0,0,0
1063,Kyle Zobeck,2013,DAL,GK,0,0,0,0,0,0,0.0,0/0,0,0,0,0,0,0
1064,Luis Soffner,2013,NE,GK,0,0,0,0,0,0,0.0,0/0,0,0,0,0,0,0
1065,Maxime Crepeau,2013,MTL,GK,0,0,0,0,0,0,0.0,0/0,0,0,0,0,0,0
1066,Oka Nikolov,2013,PHI,GK,0,0,0,0,0,0,0.0,0/0,0,0,0,0,0,0
1067,Quillan Roberts,2013,TOR,GK,0,0,0,0,0,0,0.0,0/0,0,0,0,0,0,0
1068,Richard Sanchez,2013,DAL,GK,0,0,0,0,0,0,0.0,0/0,0,0,0,0,0,0
1069,Ryan Meara,2013,NY,GK,0,0,0,0,0,0,0.0,0/0,0,0,0,0,0,0
1070,Santiago Castano,2013,NY,GK,0,0,0,0,0,0,0.0,0/0,0,0,0,0,0,0
1071,Simon Thomas,2013,VAN,GK,0,0,0,0,0,0,0.0,0/0,0,0,0,0,0,0
1072,Tyler Deric,2013,HOU,GK,0,0,0,0,0,0,0.0,0/0,0,0,0,0,0,0
1073,David Ousted,2014,VAN,GK,34,34,3060,140,96,40,1.18,5/5,12,8,14,13,35,69
1074,Jon Busch,2014,SJ,GK,34,34,3060,191,137,50,1.47,8/10,6,16,12,6,18,72
1075,Luis Robles,2014,NY,GK,34,34,3060,171,111,50,1.47,8/10,13,10,11,6,38,65
1076,Stefan Frei,2014,SEA,GK,34,34,3060,149,99,50,1.47,6/7,20,10,4,9,59,66
1077,Steve Clark,2014,CLB,GK,34,34,3060,153,111,42,1.24,2/4,14,10,10,8,41,73
1078,Dan Kennedy,2014,CHV,GK,33,33,2957,155,93,57,1.73,3/4,9,18,6,6,27,60
1079,Sean Johnson,2014,CHI,GK,33,33,2970,149,96,49,1.48,6/8,6,9,18,6,18,64
1080,Bobby Shuttleworth,2014,NE,GK,32,32,2880,141,94,40,1.25,2/4,16,12,4,8,50,67
1081,Donovan Ricketts,2014,POR,GK,32,32,2861,151,105,44,1.38,7/7,12,7,12,7,38,70
1082,Bill Hamid,2014,DC,GK,30,30,2700,146,110,34,1.13,5/5,14,9,7,10,47,75
1083,Jaime Penedo,2014,LA,GK,29,29,2610,115,81,33,1.14,3/3,15,7,7,8,52,70
1084,Zac MacMath,2014,PHI,GK,29,29,2610,125,77,45,1.55,4/7,9,10,10,5,31,62
1085,Joe Bendik,2014,TOR,GK,27,27,2430,125,82,45,1.67,4/5,8,11,8,4,30,66
1086,Clint Irwin,2014,COL,GK,26,25,2336,125,73,49,1.89,6/7,7,15,4,7,27,58
1087,Nick Rimando,2014,RSL,GK,24,24,2160,97,71,25,1.04,1/5,13,4,7,7,54,73
1088,Tally Hall,2014,HOU,GK,24,24,2150,115,67,44,1.84,7/8,8,12,4,7,33,58
1089,Troy Perkins,2014,MTL,GK,21,21,1890,102,66,35,1.67,4/5,4,12,5,5,19,65
1090,Eric Kronberg,2014,KC,GK,20,20,1800,73,45,22,1.1,5/5,7,8,5,7,35,62
1091,Raul Fernandez,2014,DAL,GK,21,20,1818,95,66,25,1.24,3/4,9,8,3,4,43,69
1092,Chris Seitz,2014,DAL,GK,14,14,1242,67,44,20,1.45,0/1,7,4,3,2,50,66
1093,Evan Bush,2014,MTL,GK,13,13,1170,79,52,23,1.77,2/2,2,6,5,3,15,66
1094,Andy Gruenebaum,2014,KC,GK,11,11,945,45,34,12,1.14,1/1,6,3,2,3,55,76
1095,Jeff Attinella,2014,RSL,GK,10,10,900,60,45,14,1.4,3/5,2,4,4,3,20,75
1096,Tyler Deric,2014,HOU,GK,11,10,910,53,36,14,1.38,2/3,3,5,2,3,27,68
1097,Julio Cesar,2014,TOR,GK,7,7,630,27,18,9,1.29,2/2,3,4,0,2,43,67
1098,John Berner,2014,COL,GK,5,5,450,12,6,6,1.2,0/0,1,1,3,2,20,50
1099,Andrew Dykstra,2014,DC,GK,4,4,360,9,6,3,0.75,0/1,3,0,1,2,75,67
1100,Joe Nasco,2014,COL,GK,4,4,271,19,13,7,2.32,0/0,0,2,1,0,0,68
1101,Rais Mbolhi,2014,PHI,GK,4,4,360,13,7,4,1.0,0/0,1,1,2,1,25,54
1102,Brian Rowe,2014,LA,GK,3,3,270,13,10,3,1.0,0/0,1,0,2,1,33,77
1103,Jon Kempin,2014,KC,GK,4,3,315,13,5,7,2.0,0/1,1,2,0,0,25,38
1104,Andrew Weber,2014,POR,GK,3,2,198,16,8,8,3.64,2/3,0,2,1,0,0,50
1105,Brad Knighton,2014,NE,GK,2,2,180,12,6,6,3.0,1/1,1,1,0,0,50,50
1106,Brian Perk,2014,LA,GK,2,2,180,3,2,1,0.5,0/0,1,0,1,1,50,67
1107,Andre Blake,2014,PHI,GK,1,1,90,8,7,2,2.0,0/0,0,1,0,0,0,88
1108,Kyle Reynish,2014,CHI,GK,1,1,90,4,2,2,2.0,0/0,0,1,0,0,0,50
1109,Tim Melia,2014,CHV,GK,2,1,79,4,1,3,3.42,0/0,0,1,0,0,0,25
1110,Alec Kann,2014,CHI,GK,0,0,0,0,0,0,0.0,0/0,0,0,0,0,0,0
1111,Billy Knutsen,2014,SJ,GK,0,0,0,0,0,0,0.0,0/0,0,0,0,0,0,0
1112,Brad Stuver,2014,CLB,GK,0,0,0,0,0,0,0.0,0/0,0,0,0,0,0,0
1113,Brian Holt,2014,PHI,GK,0,0,0,0,0,0,0.0,0/0,0,0,0,0,0,0
1114,Bryan Meredith,2014,SJ,GK,0,0,0,0,0,0,0.0,0/0,0,0,0,0,0,0
1115,Chris Konopka,2014,TOR,GK,0,0,0,0,0,0,0.0,0/0,0,0,0,0,0,0
1116,David Bingham,2014,SJ,GK,0,0,0,0,0,0,0.0,0/0,0,0,0,0,0,0
1117,Eduardo Fernandez,2014,RSL,GK,0,0,0,0,0,0,0.0,0/0,0,0,0,0,0,0
1118,Jake Gleeson,2014,POR,GK,0,0,0,0,0,0,0.0,0/0,0,0,0,0,0,0
1119,Jesse Gonzalez,2014,DAL,GK,0,0,0,0,0,0,0.0,0/0,0,0,0,0,0,0
1120,Joe Willis,2014,DC,GK,0,0,0,0,0,0,0.0,0/0,0,0,0,0,0,0
1121,Josh Ford,2014,SEA,GK,0,0,0,0,0,0,0.0,0/0,0,0,0,0,0,0
1122,Larry Jackson,2014,NE,GK,0,0,0,0,0,0,0.0,0/0,0,0,0,0,0,0
1123,Billy Knutsen,2014,SJ,GK,0,0,0,0,0,0,0.0,0/0,0,0,0,0,0,0
1124,Brad Stuver,2014,CLB,GK,0,0,0,0,0,0,0.0,0/0,0,0,0,0,0,0
1125,Brian Holt,2014,PHI,GK,0,0,0,0,0,0,0.0,0/0,0,0,0,0,0,0
1126,Bryan Meredith,2014,SJ,GK,0,0,0,0,0,0,0.0,0/0,0,0,0,0,0,0
1127,Chris Konopka,2014,TOR,GK,0,0,0,0,0,0,0.0,0/0,0,0,0,0,0,0
1128,David Bingham,2014,SJ,GK,0,0,0,0,0,0,0.0,0/0,0,0,0,0,0,0
1129,Eduardo Fernandez,2014,RSL,GK,0,0,0,0,0,0,0.0,0/0,0,0,0,0,0,0
1130,Jake Gleeson,2014,POR,GK,0,0,0,0,0,0,0.0,0/0,0,0,0,0,0,0
1131,Jesse Gonzalez,2014,DAL,GK,0,0,0,0,0,0,0.0,0/0,0,0,0,0,0,0
1132,Joe Willis,2014,DC,GK,0,0,0,0,0,0,0.0,0/0,0,0,0,0,0,0
1133,Josh Ford,2014,SEA,GK,0,0,0,0,0,0,0.0,0/0,0,0,0,0,0,0
1134,Larry Jackson,2014,NE,GK,0,0,0,0,0,0,0.0,0/0,0,0,0,0,0,0
1135,Luis Soffner,2014,NE,GK,0,0,0,0,0,0,0.0,0/0,0,0,0,0,0,0
1136,Marco Carducci,2014,VAN,GK,0,0,0,0,0,0,0.0,0/0,0,0,0,0,0,0
1137,Marcus Hahnemann,2014,SEA,GK,0,0,0,0,0,0,0.0,0/0,0,0,0,0,0,0
1138,Matt Lampson,2014,CLB,GK,0,0,0,0,0,0,0.0,0/0,0,0,0,0,0,0
1139,Matt Pickens,2014,NE,GK,0,0,0,0,0,0,0.0,0/0,0,0,0,0,0,0
1140,Maxime Crepeau,2014,MTL,GK,0,0,0,0,0,0,0.0,0/0,0,0,0,0,0,0
1141,Michael Lisch,2014,HOU,GK,0,0,0,0,0,0,0.0,0/0,0,0,0,0,0,0
1142,Paolo Tornaghi,2014,VAN,GK,0,0,0,0,0,0,0.0,0/0,0,0,0,0,0,0
1143,Quillan Roberts,2014,TOR,GK,0,0,0,0,0,0,0.0,0/0,0,0,0,0,0,0
1144,Richard Sanchez,2014,DAL,GK,0,0,0,0,0,0,0.0,0/0,0,0,0,0,0,0
1145,Ryan Meara,2014,NY,GK,0,0,0,0,0,0,0.0,0/0,0,0,0,0,0,0
1146,Santiago Castano,2014,NY,GK,0,0,0,0,0,0,0.0,0/0,0,0,0,0,0,0
1147,Trevor Spangenberg,2014,CHV,GK,1,0,22,2,1,1,4.09,1/1,0,0,0,0,0,50
